participant_id,scenario_code,complexity_class,scenario_index,started_at,completed_at,total_turns,total_elapsed_s,attempt_number,l1_syntax_ok,l1_api_valid,exec_pass_rate,eval_behavioral_match,eval_confidence,eval_code_correct,sandbox_all_pass,evaluator_1,evaluator_2,oracle_consensus,success
user_0001,S1,C1,0,2026-03-21T10:12:13.279807+00:00,2026-03-21T10:12:13.298546+00:00,10,407.31,2,1,1,,partially,3,,,correct,correct,matches_completely,correct
user_0001,M1,C2,1,2026-03-21T10:19:09.791128+00:00,2026-03-21T10:19:09.810582+00:00,8,73.25,2,1,1,,partially,4,,,correct,correct,matches_completely,correct
user_0001,C1,C3,2,2026-03-21T10:27:13.498879+00:00,2026-03-21T10:27:13.520056+00:00,8,177.94,2,1,1,,matches_completely,3,,,correct,correct,matches_completely,correct
user_0001,S2,C1,3,2026-03-21T10:36:38.264817+00:00,2026-03-21T10:36:38.282641+00:00,4,75.88,1,1,1,,matches_completely,4,,,correct,correct,matches_completely,correct
user_0001,M2,C2,4,2026-03-21T10:39:36.228744+00:00,2026-03-21T10:39:36.246336+00:00,4,108.95,1,1,1,,partially,3,,,correct,correct,partially,correct
user_0001,C2,C3,5,2026-03-21T10:41:08.515339+00:00,2026-03-21T10:41:08.536375+00:00,4,60.61,1,1,1,,matches_completely,3,,,correct,correct,matches_completely,correct
user_0002,S1,C1,0,2026-03-21T10:10:36.470477+00:00,2026-03-21T10:10:36.490526+00:00,7,403.81,2,1,1,,matches_completely,4,,,correct,correct,matches_completely,correct
user_0002,M1,C2,1,2026-03-21T10:19:13.710421+00:00,2026-03-21T10:19:13.731503+00:00,10,227.27,3,1,1,,partially,4,,,correct,correct,matches_completely,correct
user_0002,C1,C3,2,2026-03-21T10:23:45.323203+00:00,2026-03-21T10:23:45.345426+00:00,7,160.45,2,1,1,,matches_completely,4,,,correct,correct,matches_completely,correct
user_0002,S2,C1,3,2026-03-21T10:31:30.940065+00:00,2026-03-21T10:31:30.958198+00:00,4,67.16,1,1,1,,matches_completely,4,,,correct,correct,matches_completely,correct
user_0002,M2,C2,4,2026-03-21T10:35:09.901181+00:00,2026-03-21T10:35:09.918120+00:00,4,171.53,1,1,1,,partially,4,,,correct,correct,partially,correct
user_0002,C2,C3,5,2026-03-21T10:36:39.998118+00:00,2026-03-21T10:36:40.017811+00:00,4,74.95,1,1,1,,matches_completely,4,,,correct,correct,matches_completely,correct
user_0003,S1,C1,0,2026-03-21T10:10:28.270264+00:00,2026-03-21T10:10:28.325722+00:00,10,335.62,3,1,1,,matches_completely,5,,,correct,correct,matches_completely,correct
user_0003,M1,C2,1,2026-03-21T10:18:40.697089+00:00,2026-03-21T10:18:40.714890+00:00,10,295.11,3,1,0,,partially,5,,,correct,correct,matches_completely,correct
user_0003,C1,C3,2,2026-03-21T10:23:09.263517+00:00,2026-03-21T10:23:09.288241+00:00,7,149.92,2,1,1,,matches_completely,5,,,correct,correct,partially,correct
user_0003,S2,C1,3,2026-03-21T10:33:55.758149+00:00,2026-03-21T10:33:55.781619+00:00,11,279.7,3,1,1,,partially,4,,,correct,correct,matches_completely,correct
user_0003,M2,C2,4,2026-03-21T10:38:03.544183+00:00,2026-03-21T10:38:03.566676+00:00,7,146.53,2,1,1,,matches_completely,4,,,correct,correct,matches_completely,correct
user_0003,C2,C3,5,2026-03-21T10:39:35.748790+00:00,2026-03-21T10:39:35.768862+00:00,4,67.64,1,1,1,,partially,4,,,correct,correct,matches_completely,correct
user_0004,S1,C1,0,2026-03-21T10:03:13.583434+00:00,2026-03-21T10:03:13.607392+00:00,8,149.53,1,1,1,,matches_completely,5,,,correct,correct,matches_completely,correct
user_0004,M1,C2,1,2026-03-21T10:09:32.141532+00:00,2026-03-21T10:09:32.163552+00:00,8,135.36,2,1,1,,matches_completely,5,,,correct,correct,matches_completely,correct
user_0004,C1,C3,2,2026-03-21T10:13:45.721178+00:00,2026-03-21T10:13:45.740525+00:00,4,133.31,1,1,0,,partially,2,,,correct,correct,does_not_match,correct
user_0004,S2,C1,3,2026-03-21T10:21:13.721442+00:00,2026-03-21T10:21:13.743581+00:00,4,85.55,1,1,1,,partially,4,,,correct,correct,matches_completely,correct
user_0004,M2,C2,4,2026-03-21T10:25:07.821372+00:00,2026-03-21T10:25:07.840223+00:00,4,82.38,1,1,1,,matches_completely,4,,,correct,correct,matches_completely,correct
user_0004,C2,C3,5,2026-03-21T10:29:38.848219+00:00,2026-03-21T10:29:38.896070+00:00,9,213.3,1,1,1,,matches_completely,4,,,correct,correct,matches_completely,correct
user_0005,S1,C1,0,2026-03-21T10:04:22.243144+00:00,2026-03-21T10:04:22.264778+00:00,4,78.64,1,1,1,,partially,5,,,correct,correct,does_not_match,correct
user_0005,M1,C2,1,2026-03-21T10:10:42.859455+00:00,2026-03-21T10:10:42.883929+00:00,7,168.94,2,1,1,,matches_completely,3,,,correct,correct,does_not_match,correct
user_0005,C1,C3,2,2026-03-21T10:13:53.562769+00:00,2026-03-21T10:13:53.617754+00:00,8,121.86,1,1,1,,partially,5,,,correct,correct,does_not_match,correct
user_0005,S2,C1,3,2026-03-21T10:20:11.934164+00:00,2026-03-21T10:20:11.953794+00:00,7,128.77,2,1,1,,matches_completely,5,,,correct,correct,matches_completely,correct
user_0005,M2,C2,4,2026-03-21T10:24:09.792428+00:00,2026-03-21T10:24:09.819762+00:00,11,226.16,3,1,1,,partially,4,,,correct,correct,does_not_match,correct
user_0005,C2,C3,5,2026-03-21T10:29:28.841378+00:00,2026-03-21T10:29:28.866834+00:00,16,335.95,3,1,1,,matches_completely,5,,,correct,correct,matches_completely,correct
user_0006,S1,C1,0,2026-03-21T10:03:41.806435+00:00,2026-03-21T10:03:41.829065+00:00,11,51.33,3,1,1,,partially,3,,,correct,correct,does_not_match,correct
user_0006,M1,C2,1,2026-03-21T10:07:50.435148+00:00,2026-03-21T10:07:50.453133+00:00,11,80.67,3,1,0,,matches_completely,3,,,correct,correct,partially,correct
user_0006,C1,C3,2,2026-03-21T10:13:29.044327+00:00,2026-03-21T10:13:29.065709+00:00,10,191.58,2,1,1,,matches_completely,3,,,correct,correct,partially,correct
user_0006,S2,C1,3,2026-03-21T10:19:44.172342+00:00,2026-03-21T10:19:44.309663+00:00,7,141.53,2,1,1,,matches_completely,3,,,correct,correct,matches_completely,correct
user_0006,M2,C2,4,2026-03-21T10:22:21.522721+00:00,2026-03-21T10:22:21.544537+00:00,7,98.61,2,1,1,,matches_completely,3,,,correct,correct,partially,correct
user_0006,C2,C3,5,2026-03-21T10:31:39.907865+00:00,2026-03-21T10:31:39.975897+00:00,32,561.3,1,1,1,,matches_completely,3,,,correct,correct,matches_completely,correct
user_0007,S1,C1,0,2026-03-21T10:05:53.192099+00:00,2026-03-21T10:05:53.210586+00:00,11,189.56,3,1,0,,matches_completely,2,,,correct,correct,does_not_match,correct
user_0007,M1,C2,1,2026-03-21T10:09:42.015773+00:00,2026-03-21T10:09:42.032983+00:00,12,104.89,3,1,1,,partially,3,,,correct,correct,matches_completely,correct
user_0007,C1,C3,2,2026-03-21T10:11:19.092637+00:00,2026-03-21T10:11:19.110694+00:00,4,94.47,1,1,1,,matches_completely,5,,,correct,correct,does_not_match,correct
user_0007,S2,C1,3,2026-03-21T10:18:40.371976+00:00,2026-03-21T10:18:40.391287+00:00,4,85.81,1,1,1,,matches_completely,5,,,correct,correct,matches_completely,correct
user_0007,M2,C2,4,2026-03-21T10:19:56.445719+00:00,2026-03-21T10:19:56.467750+00:00,4,108.83,1,1,1,,matches_completely,5,,,correct,correct,partially,correct
user_0007,C2,C3,5,2026-03-21T10:21:57.005944+00:00,2026-03-21T10:21:57.021375+00:00,4,144.69,1,1,1,,matches_completely,5,,,correct,correct,matches_completely,correct
user_0008,S1,C1,0,2026-03-21T10:08:45.627613+00:00,2026-03-21T10:08:45.765497+00:00,12,293.38,3,1,1,,matches_completely,3,,,correct,correct,matches_completely,correct
user_0008,M1,C2,1,2026-03-21T10:11:46.357900+00:00,2026-03-21T10:11:46.375799+00:00,12,20.0,3,1,1,,matches_completely,3,,,correct,correct,matches_completely,correct
user_0008,C1,C3,2,2026-03-21T10:14:24.349853+00:00,2026-03-21T10:14:24.437083+00:00,10,108.16,3,1,1,,matches_completely,3,,,correct,correct,partially,correct
user_0008,S2,C1,3,2026-03-21T10:18:54.936011+00:00,2026-03-21T10:18:54.953979+00:00,4,114.83,1,1,1,,matches_completely,3,,,correct,correct,matches_completely,correct
user_0008,M2,C2,4,2026-03-21T10:21:52.807516+00:00,2026-03-21T10:21:52.827239+00:00,4,80.28,1,1,1,,matches_completely,3,,,correct,correct,partially,correct
user_0008,C2,C3,5,2026-03-21T10:24:53.524622+00:00,2026-03-21T10:24:53.541234+00:00,4,68.09,1,1,0,,matches_completely,3,,,correct,correct,matches_completely,correct
user_0009,S1,C1,0,2026-03-21T10:05:35.994453+00:00,2026-03-21T10:05:36.012834+00:00,7,55.22,2,1,1,,partially,5,,,correct,correct,,correct
user_0009,M1,C2,1,2026-03-21T10:10:28.654919+00:00,2026-03-21T10:10:28.681730+00:00,12,61.11,2,1,1,,partially,4,,,correct,correct,,correct
user_0009,C1,C3,2,2026-03-21T10:14:15.898192+00:00,2026-03-21T10:14:15.916821+00:00,7,196.97,2,1,1,,partially,5,,,correct,correct,,correct
user_0009,S2,C1,3,2026-03-21T10:20:14.628663+00:00,2026-03-21T10:20:14.649350+00:00,4,118.7,1,1,1,,matches_completely,5,,,correct,correct,,correct
user_0009,M2,C2,4,2026-03-21T10:21:53.378159+00:00,2026-03-21T10:21:53.403437+00:00,4,106.08,1,1,1,,partially,4,,,correct,correct,,correct
user_0009,C2,C3,5,2026-03-21T10:27:00.311975+00:00,2026-03-21T10:27:00.332777+00:00,4,181.42,1,1,1,,partially,4,,,correct,correct,,correct
user_0010,S1,C1,0,2026-03-21T10:05:03.006480+00:00,2026-03-21T10:05:03.029907+00:00,10,88.56,3,1,1,,partially,4,,,correct,correct,matches_completely,correct
user_0010,M1,C2,1,2026-03-21T10:08:44.431850+00:00,2026-03-21T10:08:44.452312+00:00,7,41.62,2,1,1,,matches_completely,5,,,correct,correct,matches_completely,correct
user_0010,C1,C3,2,2026-03-21T10:11:13.331837+00:00,2026-03-21T10:11:13.347470+00:00,7,149.05,2,1,1,,matches_completely,5,,,correct,correct,matches_completely,correct
user_0010,S2,C1,3,2026-03-21T10:15:55.626848+00:00,2026-03-21T10:15:55.644442+00:00,10,219.64,3,1,1,,matches_completely,5,,,correct,correct,matches_completely,correct
user_0010,M2,C2,4,2026-03-21T10:17:04.162943+00:00,2026-03-21T10:17:04.183456+00:00,7,101.23,2,1,1,,matches_completely,5,,,correct,correct,does_not_match,correct
user_0010,C2,C3,5,2026-03-21T10:19:57.959919+00:00,2026-03-21T10:19:57.980753+00:00,4,197.38,1,1,1,,matches_completely,3,,,correct,correct,matches_completely,correct
user_0011,S1,C1,0,2026-03-21T10:07:38.768049+00:00,2026-03-21T10:07:38.786029+00:00,9,290.95,3,1,1,,matches_completely,4,,,correct,correct,matches_completely,correct
user_0011,M1,C2,1,2026-03-21T10:12:52.368991+00:00,2026-03-21T10:12:52.385558+00:00,13,115.02,3,1,1,,partially,4,,,correct,correct,matches_completely,correct
user_0011,C1,C3,2,2026-03-21T10:17:53.735421+00:00,2026-03-21T10:17:53.755078+00:00,9,280.25,2,1,1,,matches_completely,4,,,correct,correct,matches_completely,correct
user_0011,S2,C1,3,2026-03-21T10:25:02.804953+00:00,2026-03-21T10:25:02.831414+00:00,9,162.94,2,1,1,,matches_completely,5,,,correct,correct,does_not_match,correct
user_0011,M2,C2,4,2026-03-21T10:27:55.347454+00:00,2026-03-21T10:27:55.365683+00:00,7,129.78,2,1,1,,partially,4,,,correct,correct,partially,correct
user_0011,C2,C3,5,2026-03-21T10:31:23.722664+00:00,2026-03-21T10:31:23.741069+00:00,10,204.56,3,1,0,,partially,3,,,correct,correct,matches_completely,correct
user_0013,S1,C1,0,2026-03-21T10:13:52.681926+00:00,2026-03-21T10:13:52.698895+00:00,4,20.0,1,1,1,,partially,3,,,correct,correct,does_not_match,correct
user_0013,M1,C2,1,2026-03-21T10:17:37.480903+00:00,2026-03-21T10:17:37.498214+00:00,4,20.0,1,1,0,,partially,3,,,correct,correct,matches_completely,correct
user_0013,C1,C3,2,2026-03-21T10:18:45.805864+00:00,2026-03-21T10:18:45.828482+00:00,4,32.31,1,1,1,,matches_completely,5,,,correct,correct,matches_completely,correct
user_0013,S2,C1,3,2026-03-21T10:21:17.164204+00:00,2026-03-21T10:21:17.316270+00:00,4,64.47,1,1,1,,matches_completely,4,,,correct,correct,matches_completely,correct
user_0013,M2,C2,4,2026-03-21T10:22:12.593817+00:00,2026-03-21T10:22:12.616253+00:00,4,80.56,1,1,1,,matches_completely,3,,,correct,correct,partially,correct
user_0013,C2,C3,5,2026-03-21T10:24:26.057059+00:00,2026-03-21T10:24:26.074420+00:00,4,122.23,1,1,1,,partially,3,,,correct,correct,matches_completely,correct
user_0015,S1,C1,0,2026-03-21T10:07:53.806355+00:00,2026-03-21T10:07:53.823584+00:00,4,172.16,1,1,1,,matches_completely,5,,,correct,correct,,correct
user_0015,M1,C2,1,2026-03-21T10:18:16.512088+00:00,2026-03-21T10:18:16.533255+00:00,8,128.08,2,1,1,,matches_completely,3,,,correct,correct,,correct
user_0015,C1,C3,2,2026-03-21T10:20:11.404549+00:00,2026-03-21T10:20:11.422805+00:00,4,65.69,1,1,1,,matches_completely,3,,,correct,correct,,correct
user_0015,S2,C1,3,2026-03-21T10:28:32.778128+00:00,2026-03-21T10:28:32.799727+00:00,4,102.38,1,1,1,,matches_completely,5,,,correct,correct,,correct
user_0015,M2,C2,4,2026-03-21T10:35:03.784059+00:00,2026-03-21T10:35:03.805173+00:00,10,313.91,3,1,1,,matches_completely,3,,,correct,correct,,correct
user_0015,C2,C3,5,2026-03-21T10:37:58.213135+00:00,2026-03-21T10:37:58.231135+00:00,7,153.78,2,1,1,,matches_completely,5,,,correct,correct,,correct
user_0016,S1,C1,0,2026-03-21T10:10:39.200352+00:00,2026-03-21T10:10:39.220946+00:00,11,469.47,3,1,1,,partially,3,,,correct,correct,matches_completely,correct
user_0016,M1,C2,1,2026-03-21T10:11:11.138771+00:00,2026-03-21T10:11:11.154736+00:00,4,20.0,1,1,1,,matches_completely,5,,,correct,correct,matches_completely,correct
user_0016,C1,C3,2,2026-03-21T10:12:05.191898+00:00,2026-03-21T10:12:05.212406+00:00,4,58.41,1,1,1,,matches_completely,4,,,correct,correct,does_not_match,correct
user_0016,S2,C1,3,2026-03-21T10:22:39.357456+00:00,2026-03-21T10:22:39.375866+00:00,7,161.84,2,1,1,,matches_completely,3,,,correct,correct,matches_completely,correct
user_0016,M2,C2,4,2026-03-21T10:25:05.721178+00:00,2026-03-21T10:25:05.742931+00:00,7,157.5,2,1,1,,matches_completely,4,,,correct,correct,matches_completely,correct
user_0016,C2,C3,5,2026-03-21T10:26:09.012785+00:00,2026-03-21T10:26:09.033693+00:00,7,84.16,2,1,1,,matches_completely,4,,,correct,correct,matches_completely,correct
user_0017,S1,C1,0,2026-03-21T10:05:15.379131+00:00,2026-03-21T10:05:15.397357+00:00,10,147.02,3,1,0,,matches_completely,3,,,correct,correct,does_not_match,correct
user_0017,M1,C2,1,2026-03-21T10:12:22.746933+00:00,2026-03-21T10:12:22.780353+00:00,10,20.0,2,1,1,,matches_completely,3,,,correct,correct,matches_completely,correct
user_0017,C1,C3,2,2026-03-21T10:16:37.082793+00:00,2026-03-21T10:16:37.104048+00:00,10,226.66,3,1,1,,matches_completely,3,,,correct,correct,does_not_match,correct
user_0017,S2,C1,3,2026-03-21T10:19:48.950307+00:00,2026-03-21T10:19:48.971397+00:00,4,59.91,1,1,1,,matches_completely,5,,,correct,correct,matches_completely,correct
user_0017,M2,C2,4,2026-03-21T10:21:39.154812+00:00,2026-03-21T10:21:39.178766+00:00,4,75.86,1,1,1,,matches_completely,5,,,correct,correct,partially,correct
user_0017,C2,C3,5,2026-03-21T10:24:09.305291+00:00,2026-03-21T10:24:09.325085+00:00,10,140.41,2,1,1,,matches_completely,3,,,correct,correct,matches_completely,correct
user_0018,S1,C1,0,2026-03-21T10:08:40.773780+00:00,2026-03-21T10:08:40.797503+00:00,10,349.91,3,1,1,,matches_completely,4,,,correct,correct,matches_completely,correct
user_0018,M1,C2,1,2026-03-21T10:14:43.285453+00:00,2026-03-21T10:14:43.332491+00:00,12,104.23,3,1,0,,partially,4,,,correct,correct,does_not_match,correct
user_0018,C1,C3,2,2026-03-21T10:18:39.347044+00:00,2026-03-21T10:18:39.473744+00:00,9,118.16,2,1,1,,matches_completely,5,,,correct,correct,does_not_match,correct
user_0018,S2,C1,3,2026-03-21T10:21:55.327402+00:00,2026-03-21T10:21:55.343494+00:00,4,62.55,1,1,1,,matches_completely,5,,,correct,correct,matches_completely,correct
user_0018,M2,C2,4,2026-03-21T10:24:43.885881+00:00,2026-03-21T10:24:43.904971+00:00,7,188.09,2,1,1,,matches_completely,4,,,correct,correct,partially,correct
user_0018,C2,C3,5,2026-03-21T10:27:42.807160+00:00,2026-03-21T10:27:42.827646+00:00,7,114.02,2,1,1,,matches_completely,5,,,correct,correct,matches_completely,correct
user_0019,S1,C1,0,2026-03-21T10:08:07.752040+00:00,2026-03-21T10:08:07.774499+00:00,10,323.34,3,1,1,,partially,3,,,correct,correct,matches_completely,correct
user_0019,M1,C2,1,2026-03-21T10:16:28.425641+00:00,2026-03-21T10:16:28.446426+00:00,7,137.53,2,1,1,,matches_completely,5,,,correct,correct,matches_completely,correct
user_0019,C1,C3,2,2026-03-21T10:20:06.830371+00:00,2026-03-21T10:20:06.850426+00:00,7,130.48,2,1,1,,matches_completely,5,,,correct,correct,partially,correct
user_0019,S2,C1,3,2026-03-21T10:28:21.293181+00:00,2026-03-21T10:28:21.309142+00:00,4,142.88,1,1,1,,matches_completely,4,,,correct,correct,matches_completely,correct
user_0019,M2,C2,4,2026-03-21T10:32:07.190562+00:00,2026-03-21T10:32:07.210262+00:00,7,144.16,2,1,1,,partially,3,,,correct,correct,does_not_match,correct
user_0019,C2,C3,5,2026-03-21T10:36:01.122339+00:00,2026-03-21T10:36:01.185236+00:00,7,194.02,2,1,1,,matches_completely,5,,,correct,correct,matches_completely,correct
user_0020,S1,C1,0,2026-03-21T10:05:03.419808+00:00,2026-03-21T10:05:03.436924+00:00,7,90.14,2,1,1,,partially,3,,,correct,correct,matches_completely,correct
user_0020,M1,C2,1,2026-03-21T10:17:25.409131+00:00,2026-03-21T10:17:25.430511+00:00,10,194.81,3,1,0,,partially,2,,,correct,correct,matches_completely,correct
user_0020,C1,C3,2,2026-03-21T10:19:19.735896+00:00,2026-03-21T10:19:19.756554+00:00,4,39.08,1,1,1,,matches_completely,5,,,correct,correct,matches_completely,correct
user_0020,S2,C1,3,2026-03-21T10:24:19.598254+00:00,2026-03-21T10:24:19.619017+00:00,4,109.86,1,1,1,,matches_completely,5,,,correct,correct,matches_completely,correct
user_0020,M2,C2,4,2026-03-21T10:28:15.452506+00:00,2026-03-21T10:28:15.476199+00:00,8,242.09,2,1,1,,partially,4,,,correct,correct,matches_completely,correct
user_0020,C2,C3,5,2026-03-21T10:30:46.609869+00:00,2026-03-21T10:30:46.630218+00:00,8,110.66,2,1,1,,partially,4,,,correct,correct,matches_completely,correct
user_0021,S1,C1,0,2026-03-24T10:28:35.750784+00:00,2026-03-24T10:28:35.769195+00:00,4,320.05,1,1,1,,matches_completely,4,,,correct,correct,matches_completely,correct
user_0021,M1,C2,1,2026-03-24T10:37:55.942021+00:00,2026-03-24T10:37:55.965818+00:00,12,397.26,2,1,1,,partially,4,,,correct,correct,does_not_match,correct
user_0021,C1,C3,2,2026-03-24T10:47:48.559089+00:00,2026-03-24T10:47:48.580657+00:00,10,540.69,1,1,1,,matches_completely,4,,,correct,correct,does_not_match,correct
user_0021,S2,C1,3,2026-03-24T10:52:23.206913+00:00,2026-03-24T10:52:23.228518+00:00,4,63.77,1,1,1,,matches_completely,4,,,correct,correct,matches_completely,correct
user_0021,M2,C2,4,2026-03-24T11:01:04.571504+00:00,2026-03-24T11:01:04.589358+00:00,10,298.95,3,1,1,,partially,4,,,correct,correct,matches_completely,correct
user_0021,C2,C3,5,2026-03-24T11:04:41.382875+00:00,2026-03-24T11:04:41.403204+00:00,4,99.92,1,1,1,,matches_completely,5,,,correct,correct,matches_completely,correct
user_0022,S1,C1,0,2026-03-24T10:27:45.198762+00:00,2026-03-24T10:27:45.216789+00:00,10,250.75,3,1,1,,matches_completely,4,,,correct,correct,matches_completely,correct
user_0022,M1,C2,1,2026-03-24T10:30:31.905590+00:00,2026-03-24T10:30:31.922925+00:00,6,20.0,1,1,1,,matches_completely,3,,,correct,correct,matches_completely,correct
user_0022,C1,C3,2,2026-03-24T10:31:45.182844+00:00,2026-03-24T10:31:45.201243+00:00,4,58.02,1,1,1,,matches_completely,5,,,correct,correct,matches_completely,correct
user_0022,S2,C1,3,2026-03-24T10:37:51.333142+00:00,2026-03-24T10:37:51.354536+00:00,7,141.72,2,1,1,,partially,3,,,correct,correct,partially,correct
user_0022,M2,C2,4,2026-03-24T10:42:30.104179+00:00,2026-03-24T10:42:30.133710+00:00,8,310.44,1,1,1,,partially,3,,,correct,correct,does_not_match,correct
user_0022,C2,C3,5,2026-03-24T10:43:44.306871+00:00,2026-03-24T10:43:44.323976+00:00,4,95.56,1,1,1,,matches_completely,4,,,correct,correct,matches_completely,correct
user_0023,S1,C1,0,2026-03-24T10:25:01.685201+00:00,2026-03-24T10:25:01.701186+00:00,4,20.0,1,1,1,,matches_completely,5,,,correct,correct,matches_completely,correct
user_0023,M1,C2,1,2026-03-24T10:30:04.642549+00:00,2026-03-24T10:30:04.659029+00:00,4,90.8,1,1,1,,partially,4,,,correct,correct,matches_completely,correct
user_0023,C1,C3,2,2026-03-24T10:31:55.804594+00:00,2026-03-24T10:31:55.822190+00:00,4,68.09,1,1,1,,matches_completely,4,,,correct,correct,partially,correct
user_0023,S2,C1,3,2026-03-24T10:35:42.188612+00:00,2026-03-24T10:35:42.205518+00:00,6,86.53,1,1,1,,partially,4,,,correct,correct,partially,correct
user_0023,M2,C2,4,2026-03-24T10:36:45.508574+00:00,2026-03-24T10:36:45.526212+00:00,6,90.77,1,1,1,,matches_completely,4,,,correct,correct,does_not_match,correct
user_0023,C2,C3,5,2026-03-24T10:37:40.523959+00:00,2026-03-24T10:37:40.544147+00:00,4,78.41,1,1,1,,matches_completely,5,,,correct,correct,matches_completely,correct
user_0024,S1,C1,0,2026-03-24T10:26:33.468194+00:00,2026-03-24T10:26:33.489700+00:00,11,147.12,3,1,1,,matches_completely,5,,,correct,correct,matches_completely,correct
user_0024,M1,C2,1,2026-03-24T10:29:57.312193+00:00,2026-03-24T10:29:57.330810+00:00,13,90.88,1,1,1,,matches_completely,5,,,correct,correct,matches_completely,correct
user_0024,C1,C3,2,2026-03-24T10:31:45.612654+00:00,2026-03-24T10:31:45.632256+00:00,11,114.0,3,1,1,,matches_completely,4,,,correct,correct,matches_completely,correct
user_0024,S2,C1,3,2026-03-24T10:35:29.112811+00:00,2026-03-24T10:35:29.145336+00:00,8,98.88,1,1,1,,partially,3,,,correct,correct,partially,correct
user_0024,M2,C2,4,2026-03-24T10:36:23.230235+00:00,2026-03-24T10:36:23.247712+00:00,4,88.34,1,1,1,,matches_completely,4,,,correct,correct,matches_completely,correct
user_0024,C2,C3,5,2026-03-24T10:37:26.928086+00:00,2026-03-24T10:37:26.946440+00:00,7,91.56,2,1,1,,matches_completely,5,,,correct,correct,matches_completely,correct
user_0026,S1,C1,0,2026-03-24T10:25:58.142859+00:00,2026-03-24T10:25:58.161345+00:00,4,20.0,2,1,1,,matches_completely,4,,,correct,correct,,correct
user_0026,M1,C2,1,2026-03-24T10:27:02.195330+00:00,2026-03-24T10:27:02.212909+00:00,4,20.0,1,1,1,,partially,4,,,correct,correct,,correct
user_0026,C1,C3,2,2026-03-24T10:28:19.663047+00:00,2026-03-24T10:28:19.684076+00:00,7,77.66,2,1,1,,matches_completely,5,,,correct,correct,,correct
user_0026,S2,C1,3,2026-03-24T10:32:54.693666+00:00,2026-03-24T10:32:54.709853+00:00,4,56.62,1,1,1,,matches_completely,5,,,correct,correct,,correct
user_0026,M2,C2,4,2026-03-24T10:33:35.796959+00:00,2026-03-24T10:33:35.819807+00:00,4,76.84,1,1,1,,partially,4,,,correct,correct,,correct
user_0026,C2,C3,5,2026-03-24T10:34:46.357672+00:00,2026-03-24T10:34:46.379122+00:00,4,60.19,1,1,1,,partially,4,,,correct,incorrect,,correct
user_0027,S1,C1,0,2026-03-24T10:24:00.541913+00:00,2026-03-24T10:24:00.558778+00:00,4,83.16,1,1,1,,matches_completely,3,,,correct,correct,matches_completely,correct
user_0027,M1,C2,1,2026-03-24T10:30:23.264998+00:00,2026-03-24T10:30:23.283175+00:00,8,203.83,2,1,1,,matches_completely,5,,,correct,correct,matches_completely,correct
user_0027,C1,C3,2,2026-03-24T10:33:36.142873+00:00,2026-03-24T10:33:36.160895+00:00,8,143.41,2,1,1,,matches_completely,4,,,correct,correct,matches_completely,correct
user_0027,S2,C1,3,2026-03-24T10:36:57.666452+00:00,2026-03-24T10:36:57.685418+00:00,4,59.56,1,1,1,,matches_completely,3,,,correct,correct,matches_completely,correct
user_0027,M2,C2,4,2026-03-24T10:42:28.573295+00:00,2026-03-24T10:42:28.597715+00:00,7,354.31,2,1,1,,matches_completely,3,,,correct,correct,matches_completely,correct
user_0027,C2,C3,5,2026-03-24T10:43:34.522081+00:00,2026-03-24T10:43:34.545274+00:00,4,76.89,1,1,1,,partially,3,,,correct,incorrect,matches_completely,correct
user_0028,S1,C1,0,2026-03-24T10:22:08.756700+00:00,2026-03-24T10:22:08.775279+00:00,4,20.0,1,1,1,,matches_completely,3,,,correct,correct,matches_completely,correct
user_0028,M1,C2,1,2026-03-24T10:30:28.179324+00:00,2026-03-24T10:30:28.201875+00:00,11,240.56,1,1,1,,partially,4,,,correct,correct,matches_completely,correct
user_0028,C1,C3,2,2026-03-24T10:34:05.247606+00:00,2026-03-24T10:34:05.265180+00:00,4,100.16,1,1,1,,partially,4,,,correct,incorrect,matches_completely,correct
user_0028,S2,C1,3,2026-03-24T10:40:30.808780+00:00,2026-03-24T10:40:30.949943+00:00,4,81.41,1,1,1,,matches_completely,5,,,correct,correct,matches_completely,correct
user_0028,M2,C2,4,2026-03-24T10:43:27.137290+00:00,2026-03-24T10:43:27.152903+00:00,4,81.25,1,1,1,,matches_completely,3,,,correct,correct,partially,correct
user_0028,C2,C3,5,2026-03-24T10:44:26.375216+00:00,2026-03-24T10:44:26.392918+00:00,4,75.95,1,1,1,,partially,4,,,correct,incorrect,matches_completely,correct
user_0029,S1,C1,0,2026-03-24T10:44:34.486602+00:00,2026-03-24T10:44:34.504419+00:00,4,20.0,1,1,1,,matches_completely,4,,,correct,correct,matches_completely,correct
user_0029,M1,C2,1,2026-03-24T10:49:33.536695+00:00,2026-03-24T10:49:33.554410+00:00,4,176.5,1,1,1,,partially,4,,,correct,correct,matches_completely,correct
user_0029,C1,C3,2,2026-03-24T10:50:23.631001+00:00,2026-03-24T10:50:23.645426+00:00,4,57.67,1,1,1,,matches_completely,4,,,correct,correct,matches_completely,correct
user_0029,S2,C1,3,2026-03-24T10:55:14.405062+00:00,2026-03-24T10:55:14.423409+00:00,4,60.08,1,1,1,,matches_completely,4,,,correct,correct,matches_completely,correct
user_0029,M2,C2,4,2026-03-24T10:56:57.422062+00:00,2026-03-24T10:56:57.441756+00:00,10,138.89,1,1,1,,partially,4,,,correct,correct,does_not_match,correct
user_0029,C2,C3,5,2026-03-24T10:57:37.709809+00:00,2026-03-24T10:57:37.729061+00:00,4,63.95,1,1,1,,matches_completely,3,,,correct,correct,matches_completely,correct
user_0031,S1,C1,0,2026-03-24T10:22:53.626559+00:00,2026-03-24T10:22:53.649122+00:00,4,20.0,1,1,1,,matches_completely,4,,,correct,correct,matches_completely,correct
user_0031,M1,C2,1,2026-03-24T10:25:58.996858+00:00,2026-03-24T10:25:59.018537+00:00,6,20.0,1,1,1,,partially,3,,,correct,correct,matches_completely,correct
user_0031,C1,C3,2,2026-03-24T10:27:22.807879+00:00,2026-03-24T10:27:22.826330+00:00,4,40.75,1,1,1,,matches_completely,4,,,correct,correct,matches_completely,correct
user_0031,S2,C1,3,2026-03-24T10:30:39.727904+00:00,2026-03-24T10:30:39.751814+00:00,4,54.84,1,1,1,,matches_completely,5,,,correct,correct,matches_completely,correct
user_0031,M2,C2,4,2026-03-24T10:31:49.806041+00:00,2026-03-24T10:31:49.829831+00:00,4,69.14,1,1,1,,matches_completely,5,,,correct,correct,partially,correct
user_0031,C2,C3,5,2026-03-24T10:33:05.363338+00:00,2026-03-24T10:33:05.381180+00:00,4,72.8,1,1,1,,matches_completely,5,,,correct,correct,matches_completely,correct
user_0032,S1,C1,0,2026-03-24T10:26:34.003396+00:00,2026-03-24T10:26:34.029430+00:00,4,82.55,1,1,1,,matches_completely,4,,,correct,correct,matches_completely,correct
user_0032,M1,C2,1,2026-03-24T10:30:20.086730+00:00,2026-03-24T10:30:20.106851+00:00,4,20.0,1,1,1,,matches_completely,4,,,correct,correct,matches_completely,correct
user_0032,C1,C3,2,2026-03-24T10:33:46.366306+00:00,2026-03-24T10:33:46.394924+00:00,4,49.45,1,1,1,,partially,3,,,correct,incorrect,matches_completely,correct
user_0032,S2,C1,3,2026-03-24T10:40:45.051042+00:00,2026-03-24T10:40:45.071093+00:00,4,90.36,1,1,1,,matches_completely,4,,,correct,correct,matches_completely,correct
user_0032,M2,C2,4,2026-03-24T10:44:31.756984+00:00,2026-03-24T10:44:31.777952+00:00,4,86.41,1,1,1,,matches_completely,4,,,correct,correct,partially,correct
user_0032,C2,C3,5,2026-03-24T10:46:21.917678+00:00,2026-03-24T10:46:21.937267+00:00,4,75.34,1,1,1,,matches_completely,5,,,correct,correct,matches_completely,correct
user_0033,S1,C1,0,2026-03-24T10:25:21.872753+00:00,2026-03-24T10:25:21.898055+00:00,8,159.97,1,1,1,,matches_completely,4,,,correct,correct,partially,correct
user_0033,M1,C2,1,2026-03-24T10:31:35.006582+00:00,2026-03-24T10:31:35.025592+00:00,7,202.23,2,1,1,,matches_completely,4,,,correct,correct,matches_completely,correct
user_0033,C1,C3,2,2026-03-24T10:35:09.008703+00:00,2026-03-24T10:35:09.024926+00:00,4,127.3,1,1,1,,matches_completely,5,,,correct,correct,matches_completely,correct
user_0033,S2,C1,3,2026-03-24T10:42:17.521447+00:00,2026-03-24T10:42:17.537132+00:00,4,128.38,1,1,1,,matches_completely,5,,,correct,correct,matches_completely,correct
user_0033,M2,C2,4,2026-03-24T10:44:23.972387+00:00,2026-03-24T10:44:23.990140+00:00,5,140.83,1,1,1,,matches_completely,5,,,correct,correct,matches_completely,correct
user_0033,C2,C3,5,2026-03-24T10:46:22.212097+00:00,2026-03-24T10:46:22.236161+00:00,4,84.11,1,1,1,,matches_completely,4,,,correct,correct,matches_completely,correct
user_0034,S1,C1,0,2026-03-24T10:24:20.269543+00:00,2026-03-24T10:24:20.408911+00:00,9,28.8,3,1,1,,matches_completely,4,,,correct,correct,matches_completely,correct
user_0034,M1,C2,1,2026-03-24T10:33:32.619710+00:00,2026-03-24T10:33:32.642410+00:00,11,292.42,3,1,1,,does_not_match,5,,,incorrect,incorrect,matches_completely,incorrect
user_0034,C1,C3,2,2026-03-24T10:42:28.271240+00:00,2026-03-24T10:42:28.298524+00:00,13,454.36,3,1,1,,partially,4,,,correct,incorrect,partially,correct
user_0034,S2,C1,3,2026-03-24T10:49:31.694802+00:00,2026-03-24T10:49:31.712853+00:00,7,102.41,2,1,1,,matches_completely,5,,,correct,correct,matches_completely,correct
user_0034,M2,C2,4,2026-03-24T10:50:37.040600+00:00,2026-03-24T10:50:37.058063+00:00,4,66.88,1,1,1,,matches_completely,5,,,correct,correct,matches_completely,correct
user_0034,C2,C3,5,2026-03-24T10:54:07.821198+00:00,2026-03-24T10:54:07.839816+00:00,4,178.64,1,1,1,,matches_completely,5,,,correct,correct,matches_completely,correct
user_0037,S1,C1,0,2026-03-25T08:43:23.579117+00:00,2026-03-25T08:43:23.598061+00:00,4,133.05,1,1,1,,matches_completely,4,,,correct,correct,matches_completely,correct
user_0037,M1,C2,1,2026-03-25T08:51:03.464933+00:00,2026-03-25T08:51:03.481731+00:00,10,259.88,3,1,1,,partially,3,,,correct,correct,matches_completely,correct
user_0037,C1,C3,2,2026-03-25T08:54:29.485985+00:00,2026-03-25T08:54:29.501165+00:00,4,53.25,1,1,1,,matches_completely,4,,,correct,correct,partially,correct
user_0037,S2,C1,3,2026-03-25T09:01:14.882790+00:00,2026-03-25T09:01:14.902275+00:00,8,100.92,2,1,0,,partially,3,,,correct,correct,partially,correct
user_0037,M2,C2,4,2026-03-25T09:02:26.357799+00:00,2026-03-25T09:02:26.374647+00:00,4,70.2,1,1,1,,matches_completely,5,,,correct,correct,partially,correct
user_0037,C2,C3,5,2026-03-25T09:03:52.787677+00:00,2026-03-25T09:03:52.808562+00:00,4,62.98,1,1,1,,matches_completely,5,,,correct,correct,matches_completely,correct
user_0039,S1,C1,0,2026-03-25T08:42:06.443181+00:00,2026-03-25T08:42:06.462601+00:00,9,35.36,2,1,1,,partially,4,,,correct,correct,partially,correct
user_0039,M1,C2,1,2026-03-25T08:43:30.203485+00:00,2026-03-25T08:43:30.316051+00:00,4,20.0,1,1,1,,matches_completely,3,,,correct,correct,matches_completely,correct
user_0039,C1,C3,2,2026-03-25T08:44:50.383690+00:00,2026-03-25T08:44:50.401051+00:00,4,33.86,1,1,1,,matches_completely,3,,,correct,correct,matches_completely,correct
user_0039,S2,C1,3,2026-03-25T08:46:25.761614+00:00,2026-03-25T08:46:25.779869+00:00,4,90.42,1,1,1,,matches_completely,3,,,correct,correct,matches_completely,correct
user_0039,M2,C2,4,2026-03-25T08:48:24.245517+00:00,2026-03-25T08:48:24.263974+00:00,8,102.55,2,1,1,,matches_completely,3,,,correct,correct,partially,correct
user_0039,C2,C3,5,2026-03-25T08:50:24.381066+00:00,2026-03-25T08:50:24.400300+00:00,4,65.28,1,1,1,,matches_completely,3,,,correct,correct,matches_completely,correct
user_0042,S1,C1,0,2026-03-25T08:41:56.806951+00:00,2026-03-25T08:41:56.827338+00:00,4,58.05,1,1,1,,matches_completely,4,,,correct,correct,matches_completely,correct
user_0042,M1,C2,1,2026-03-25T08:56:56.325382+00:00,2026-03-25T08:56:56.352473+00:00,7,606.33,1,1,1,,does_not_match,3,,,incorrect,incorrect,does_not_match,incorrect
user_0042,C1,C3,2,2026-03-25T08:58:11.587272+00:00,2026-03-25T08:58:11.603160+00:00,4,65.98,1,1,1,,matches_completely,3,,,correct,correct,matches_completely,correct
user_0042,S2,C1,3,2026-03-25T08:59:05.881380+00:00,2026-03-25T08:59:05.896316+00:00,4,55.53,1,1,1,,matches_completely,3,,,correct,correct,matches_completely,correct
user_0042,M2,C2,4,2026-03-25T08:59:32.201881+00:00,2026-03-25T08:59:32.217817+00:00,4,62.23,1,1,1,,matches_completely,3,,,correct,correct,partially,correct
user_0042,C2,C3,5,2026-03-25T09:00:12.802752+00:00,2026-03-25T09:00:12.818034+00:00,4,51.28,1,1,1,,matches_completely,3,,,correct,correct,matches_completely,correct
user_0043,S1,C1,0,2026-03-25T08:41:34.937444+00:00,2026-03-25T08:41:34.955531+00:00,4,53.64,1,1,1,,matches_completely,4,,,correct,correct,matches_completely,correct
user_0043,M1,C2,1,2026-03-25T08:44:46.472850+00:00,2026-03-25T08:44:46.491237+00:00,7,20.0,2,1,1,,does_not_match,1,,,incorrect,incorrect,matches_completely,incorrect
user_0043,C1,C3,2,2026-03-25T08:47:37.523690+00:00,2026-03-25T08:47:37.541756+00:00,4,37.02,1,1,1,,matches_completely,5,,,correct,correct,matches_completely,correct
user_0043,S2,C1,3,2026-03-25T08:48:37.358736+00:00,2026-03-25T08:48:37.382190+00:00,4,74.22,1,1,1,,matches_completely,4,,,correct,correct,matches_completely,correct
user_0043,M2,C2,4,2026-03-25T08:50:58.096819+00:00,2026-03-25T08:50:58.113793+00:00,4,80.02,1,1,1,,matches_completely,5,,,correct,correct,partially,correct
user_0043,C2,C3,5,2026-03-25T08:52:49.054741+00:00,2026-03-25T08:52:49.071381+00:00,8,120.05,2,1,1,,matches_completely,3,,,correct,correct,matches_completely,correct
user_0045,S1,C1,0,2026-03-25T08:41:50.404174+00:00,2026-03-25T08:41:50.428519+00:00,7,66.89,2,1,1,,matches_completely,5,,,correct,correct,matches_completely,correct
user_0045,M1,C2,1,2026-03-25T08:44:07.399216+00:00,2026-03-25T08:44:07.415316+00:00,4,20.0,1,1,1,,matches_completely,5,,,correct,correct,matches_completely,correct
user_0045,C1,C3,2,2026-03-25T08:45:24.181055+00:00,2026-03-25T08:45:24.197620+00:00,4,45.2,1,1,1,,matches_completely,5,,,correct,correct,matches_completely,correct
user_0045,S2,C1,3,2026-03-25T08:48:05.460261+00:00,2026-03-25T08:48:05.477128+00:00,4,111.75,1,1,1,,matches_completely,5,,,correct,correct,matches_completely,correct
user_0045,M2,C2,4,2026-03-25T08:49:39.008376+00:00,2026-03-25T08:49:39.027286+00:00,4,97.53,1,1,1,,matches_completely,5,,,correct,correct,partially,correct
user_0045,C2,C3,5,2026-03-25T08:52:08.670892+00:00,2026-03-25T08:52:08.688299+00:00,4,119.5,1,1,1,,matches_completely,5,,,correct,correct,matches_completely,correct
user_0046,S1,C1,0,2026-03-25T08:43:36.341708+00:00,2026-03-25T08:43:36.360167+00:00,8,32.06,2,1,1,,matches_completely,5,,,correct,correct,matches_completely,correct
user_0046,M1,C2,1,2026-03-25T08:51:10.693161+00:00,2026-03-25T08:51:10.710640+00:00,11,224.86,3,1,0,,matches_completely,4,,,correct,correct,matches_completely,correct
user_0046,C1,C3,2,2026-03-25T08:54:25.998920+00:00,2026-03-25T08:54:26.022072+00:00,8,72.62,2,1,0,,matches_completely,5,,,correct,correct,matches_completely,correct
user_0046,S2,C1,3,2026-03-25T08:55:17.776484+00:00,2026-03-25T08:55:17.796069+00:00,4,65.3,1,1,1,,matches_completely,5,,,correct,correct,matches_completely,correct
user_0046,M2,C2,4,2026-03-25T08:55:55.031696+00:00,2026-03-25T08:55:55.047485+00:00,4,64.67,1,1,1,,matches_completely,5,,,correct,correct,matches_completely,correct
user_0046,C2,C3,5,2026-03-25T08:56:47.687071+00:00,2026-03-25T08:56:47.702921+00:00,4,63.09,1,1,1,,matches_completely,5,,,correct,correct,matches_completely,correct
user_0047,S1,C1,0,2026-03-25T10:27:50.685279+00:00,2026-03-25T10:27:50.703378+00:00,4,98.09,1,1,1,,partially,4,,,correct,correct,matches_completely,correct
user_0047,M1,C2,1,2026-03-25T10:29:46.668496+00:00,2026-03-25T10:29:46.686764+00:00,4,20.0,1,1,1,,matches_completely,5,,,correct,correct,matches_completely,correct
user_0047,C1,C3,2,2026-03-25T10:31:56.536869+00:00,2026-03-25T10:31:56.555700+00:00,4,89.28,1,1,1,,partially,3,,,correct,incorrect,matches_completely,correct
user_0047,S2,C1,3,2026-03-25T10:38:23.312996+00:00,2026-03-25T10:38:23.330650+00:00,4,106.98,1,1,1,,matches_completely,5,,,correct,correct,matches_completely,correct
user_0047,M2,C2,4,2026-03-25T10:40:10.528642+00:00,2026-03-25T10:40:10.545246+00:00,4,90.75,1,1,1,,partially,4,,,correct,correct,partially,correct
user_0047,C2,C3,5,2026-03-25T10:42:01.895604+00:00,2026-03-25T10:42:01.913175+00:00,4,90.33,1,1,1,,partially,4,,,correct,incorrect,matches_completely,correct
user_0048,S1,C1,0,2026-03-25T08:40:51.131224+00:00,2026-03-25T08:40:51.148258+00:00,5,20.0,1,1,1,,matches_completely,4,,,correct,correct,matches_completely,correct
user_0048,M1,C2,1,2026-03-25T08:45:53.028060+00:00,2026-03-25T08:45:53.049089+00:00,14,28.97,2,1,1,,does_not_match,4,,,incorrect,incorrect,does_not_match,incorrect
user_0048,C1,C3,2,2026-03-25T08:50:43.044574+00:00,2026-03-25T08:50:43.062769+00:00,4,90.69,1,1,1,,matches_completely,5,,,correct,correct,partially,correct
user_0048,S2,C1,3,2026-03-25T08:52:41.554304+00:00,2026-03-25T08:52:41.570141+00:00,4,85.08,1,1,1,,matches_completely,5,,,correct,correct,matches_completely,correct
user_0048,M2,C2,4,2026-03-25T08:53:25.826889+00:00,2026-03-25T08:53:25.842207+00:00,4,76.25,1,1,1,,matches_completely,5,,,correct,correct,partially,correct
user_0048,C2,C3,5,2026-03-25T08:54:08.870044+00:00,2026-03-25T08:54:08.886192+00:00,4,60.78,1,1,1,,matches_completely,5,,,correct,correct,matches_completely,correct
user_0049,S1,C1,0,2026-03-25T08:45:24.548660+00:00,2026-03-25T08:45:24.566461+00:00,10,175.31,3,1,1,,partially,3,,,correct,correct,matches_completely,correct
user_0049,M1,C2,1,2026-03-25T08:49:58.498880+00:00,2026-03-25T08:49:58.516786+00:00,4,75.97,1,1,1,,matches_completely,4,,,correct,correct,matches_completely,correct
user_0049,C1,C3,2,2026-03-25T08:52:46.526075+00:00,2026-03-25T08:52:46.542348+00:00,4,59.12,1,1,1,,matches_completely,4,,,correct,correct,partially,correct
user_0049,S2,C1,3,2026-03-25T08:53:24.812103+00:00,2026-03-25T08:53:24.829528+00:00,4,53.22,1,1,1,,matches_completely,5,,,correct,correct,matches_completely,correct
user_0049,M2,C2,4,2026-03-25T08:54:20.979592+00:00,2026-03-25T08:54:20.996603+00:00,4,75.95,1,1,1,,matches_completely,4,,,correct,correct,partially,correct
user_0049,C2,C3,5,2026-03-25T08:54:53.180472+00:00,2026-03-25T08:54:53.199756+00:00,4,56.38,1,1,1,,matches_completely,4,,,correct,correct,matches_completely,correct
user_0050,S1,C1,0,2026-03-25T08:45:15.895352+00:00,2026-03-25T08:45:15.913016+00:00,4,175.56,1,1,1,,matches_completely,4,,,correct,correct,matches_completely,correct
user_0050,M1,C2,1,2026-03-25T08:57:13.289203+00:00,2026-03-25T08:57:13.311749+00:00,9,454.62,2,1,1,,partially,5,,,correct,correct,matches_completely,correct
user_0050,C1,C3,2,2026-03-25T08:58:02.533562+00:00,2026-03-25T08:58:02.550073+00:00,4,41.52,1,1,1,,matches_completely,4,,,correct,correct,matches_completely,correct
user_0050,S2,C1,3,2026-03-25T09:00:18.861057+00:00,2026-03-25T09:00:18.882155+00:00,7,70.03,2,1,1,,partially,3,,,correct,correct,matches_completely,correct
user_0050,M2,C2,4,2026-03-25T09:00:58.035650+00:00,2026-03-25T09:00:58.056315+00:00,4,65.52,1,1,1,,matches_completely,3,,,correct,correct,partially,correct
user_0050,C2,C3,5,2026-03-25T09:01:41.308919+00:00,2026-03-25T09:01:41.326304+00:00,4,67.95,1,1,1,,matches_completely,3,,,correct,correct,matches_completely,correct
user_0051,S1,C1,0,2026-03-25T10:29:32.023375+00:00,2026-03-25T10:29:32.042899+00:00,4,20.0,1,1,1,,partially,3,,,correct,correct,matches_completely,correct
user_0051,M1,C2,1,2026-03-25T10:34:52.530934+00:00,2026-03-25T10:34:52.548615+00:00,4,20.0,1,1,1,,matches_completely,4,,,correct,correct,matches_completely,correct
user_0051,C1,C3,2,2026-03-25T10:37:26.046705+00:00,2026-03-25T10:37:26.066209+00:00,4,52.19,1,1,1,,matches_completely,5,,,correct,correct,matches_completely,correct
user_0051,S2,C1,3,2026-03-25T10:40:48.157513+00:00,2026-03-25T10:40:48.173615+00:00,4,57.48,1,1,1,,partially,4,,,correct,correct,matches_completely,correct
user_0051,M2,C2,4,2026-03-25T10:41:31.329543+00:00,2026-03-25T10:41:31.348074+00:00,4,63.67,1,1,1,,matches_completely,5,,,correct,correct,partially,correct
user_0051,C2,C3,5,2026-03-25T10:43:51.523475+00:00,2026-03-25T10:43:51.541171+00:00,4,132.89,1,1,1,,matches_completely,5,,,correct,correct,matches_completely,correct
user_0055,S1,C1,0,2026-03-25T10:31:33.316323+00:00,2026-03-25T10:31:33.334392+00:00,4,294.06,1,1,1,,matches_completely,5,,,correct,correct,,correct
user_0055,M1,C2,1,2026-03-25T10:33:40.241051+00:00,2026-03-25T10:33:40.255118+00:00,4,20.0,1,1,1,,partially,4,,,correct,correct,,correct
user_0055,C1,C3,2,2026-03-25T10:40:38.962767+00:00,2026-03-25T10:40:38.983614+00:00,4,105.56,1,1,1,,matches_completely,5,,,correct,correct,,correct
user_0055,S2,C1,3,2026-03-25T10:49:16.936302+00:00,2026-03-25T10:49:16.955929+00:00,5,189.73,1,1,1,,matches_completely,3,,,correct,correct,,correct
user_0055,M2,C2,4,2026-03-25T10:50:00.288128+00:00,2026-03-25T10:50:00.304492+00:00,4,63.34,1,1,1,,matches_completely,3,,,correct,correct,,correct
user_0055,C2,C3,5,2026-03-25T10:50:46.231240+00:00,2026-03-25T10:50:46.249322+00:00,4,65.03,1,1,1,,matches_completely,3,,,correct,correct,,correct
user_0061,S1,C1,0,2026-03-25T10:27:36.978102+00:00,2026-03-25T10:27:36.997973+00:00,4,59.75,1,1,1,,matches_completely,5,,,correct,correct,,correct
user_0061,M1,C2,1,2026-03-25T10:34:27.009156+00:00,2026-03-25T10:34:27.025004+00:00,4,251.62,1,1,1,,matches_completely,5,,,correct,correct,,correct
user_0061,C1,C3,2,2026-03-25T10:42:38.048891+00:00,2026-03-25T10:42:38.065400+00:00,4,56.88,1,1,1,,matches_completely,5,,,correct,correct,,correct
user_0061,S2,C1,3,2026-03-25T10:50:49.965159+00:00,2026-03-25T10:50:49.982514+00:00,4,157.62,1,1,1,,matches_completely,4,,,correct,correct,,correct
user_0061,M2,C2,4,2026-03-25T10:52:06.638590+00:00,2026-03-25T10:52:06.654389+00:00,4,88.98,1,1,1,,matches_completely,5,,,correct,correct,,correct
user_0061,C2,C3,5,2026-03-25T10:54:10.206630+00:00,2026-03-25T10:54:10.226530+00:00,4,122.41,1,1,1,,matches_completely,4,,,correct,correct,,correct
user_0065,S1,C1,0,2026-03-25T21:10:30.325426+00:00,2026-03-25T21:10:30.340961+00:00,5,39.44,1,1,1,,matches_completely,5,,,correct,correct,,correct
user_0065,M1,C2,1,2026-03-25T21:17:12.902117+00:00,2026-03-25T21:17:12.919129+00:00,4,42.19,1,1,0,,partially,5,,,correct,correct,,correct
user_0065,C1,C3,2,2026-03-25T21:23:28.391153+00:00,2026-03-25T21:23:28.411657+00:00,4,185.73,1,1,1,,partially,5,,,correct,incorrect,,correct
user_0065,S2,C1,3,2026-03-25T21:32:55.394416+00:00,2026-03-25T21:32:55.413397+00:00,8,299.56,2,1,1,,does_not_match,4,,,incorrect,incorrect,,incorrect
user_0065,M2,C2,4,2026-03-25T21:37:58.916860+00:00,2026-03-25T21:37:58.934682+00:00,8,152.27,2,1,1,,does_not_match,5,,,incorrect,incorrect,,incorrect
user_0065,C2,C3,5,2026-03-25T21:44:39.321150+00:00,2026-03-25T21:44:39.337738+00:00,4,187.17,1,1,1,,unsure,3,,,incorrect,incorrect,,incorrect
user_0067,S1,C1,0,2026-03-25T10:27:34.483894+00:00,2026-03-25T10:27:34.507106+00:00,8,192.44,1,1,1,,matches_completely,4,,,correct,correct,,correct
user_0067,M1,C2,1,2026-03-25T10:40:55.731221+00:00,2026-03-25T10:40:55.758683+00:00,11,646.77,2,1,1,,partially,5,,,correct,correct,,correct
user_0067,C1,C3,2,2026-03-25T10:43:16.568554+00:00,2026-03-25T10:43:16.584386+00:00,4,37.95,1,1,1,,matches_completely,5,,,correct,correct,,correct
user_0067,S2,C1,3,2026-03-25T10:44:42.872570+00:00,2026-03-25T10:44:42.892963+00:00,4,55.44,1,1,1,,matches_completely,5,,,correct,correct,,correct
user_0067,M2,C2,4,2026-03-25T10:45:17.569410+00:00,2026-03-25T10:45:17.589385+00:00,4,62.5,1,1,1,,matches_completely,5,,,correct,correct,,correct
user_0067,C2,C3,5,2026-03-25T10:46:07.501403+00:00,2026-03-25T10:46:07.522800+00:00,4,59.94,1,1,1,,matches_completely,4,,,correct,correct,,correct
user_0101,E2,C3,0,2026-03-24T15:15:14.358544+00:00,2026-03-24T15:15:14.379252+00:00,4,259.12,1,1,1,,matches_completely,4,yes,,correct,correct,does_not_match,correct
user_0101,E1,C3,1,2026-03-24T15:19:53.091222+00:00,2026-03-24T15:19:53.113936+00:00,5,202.59,1,1,1,,matches_completely,5,yes,,correct,correct,matches_completely,correct
user_0101,E3,C3,2,2026-03-24T15:27:34.983199+00:00,2026-03-24T15:27:35.004006+00:00,4,285.92,1,1,1,,partially,4,yes,,correct,correct,matches_completely,correct
user_0101,E5,C3,3,2026-03-24T15:29:47.705224+00:00,2026-03-24T15:29:47.731092+00:00,4,57.58,1,1,1,,matches_completely,4,yes,,correct,correct,matches_completely,correct
user_0101,E4,C3,4,2026-03-24T15:32:45.590243+00:00,2026-03-24T15:32:45.629249+00:00,4,57.62,1,1,1,,matches_completely,4,yes,,correct,correct,matches_completely,correct
user_0101,E6,C3,5,2026-03-24T15:38:54.987267+00:00,2026-03-24T15:38:55.032617+00:00,4,230.7,1,1,1,,matches_completely,4,yes,,correct,correct,matches_completely,correct
user_0102,E2,C3,0,2026-03-24T18:20:59.718601+00:00,2026-03-24T18:20:59.740010+00:00,10,1289.88,2,1,1,,matches_completely,4,yes,,correct,correct,partially,correct
user_0102,E1,C3,1,2026-03-24T18:33:49.816466+00:00,2026-03-24T18:33:49.841796+00:00,6,338.3,1,1,1,,matches_completely,5,yes,,correct,correct,partially,correct
user_0102,E3,C3,2,2026-03-24T18:57:05.582007+00:00,2026-03-24T18:57:05.606809+00:00,8,582.09,2,1,1,,matches_completely,4,yes,,correct,correct,matches_completely,correct
user_0102,E5,C3,3,2026-03-24T19:05:01.995484+00:00,2026-03-24T19:05:02.016099+00:00,4,60.34,1,1,1,,matches_completely,5,yes,,correct,correct,matches_completely,correct
user_0102,E4,C3,4,2026-03-24T19:13:07.748911+00:00,2026-03-24T19:13:07.779093+00:00,4,44.11,1,1,1,,matches_completely,5,yes,,correct,correct,matches_completely,correct
user_0102,E6,C3,5,2026-03-24T19:19:47.226522+00:00,2026-03-24T19:19:47.248395+00:00,4,45.73,1,1,1,,matches_completely,5,yes,,correct,correct,matches_completely,correct
user_0103,E2,C3,0,2026-03-24T18:05:09.253191+00:00,2026-03-24T18:05:09.273817+00:00,4,651.3,1,1,1,,matches_completely,4,yes,,correct,correct,does_not_match,correct
user_0103,E1,C3,1,2026-03-24T18:26:34.994994+00:00,2026-03-24T18:26:35.013572+00:00,4,1190.89,1,1,1,,matches_completely,5,yes,,correct,correct,matches_completely,correct
user_0103,E3,C3,2,2026-03-24T18:54:52.697009+00:00,2026-03-24T18:54:52.727832+00:00,7,1444.81,2,1,1,,matches_completely,4,yes,,correct,correct,matches_completely,correct
user_0103,E5,C3,3,2026-03-24T19:03:33.727661+00:00,2026-03-24T19:03:33.752297+00:00,6,251.28,1,1,1,,matches_completely,5,yes,,correct,correct,partially,correct
user_0103,E4,C3,4,2026-03-24T19:07:55.613712+00:00,2026-03-24T19:07:55.634349+00:00,4,213.34,1,1,1,,matches_completely,5,yes,,correct,correct,matches_completely,correct
user_0103,E6,C3,5,2026-03-24T19:11:19.215816+00:00,2026-03-24T19:11:19.239224+00:00,4,45.27,1,1,1,,matches_completely,5,yes,,correct,correct,matches_completely,correct
user_0104,E2,C3,0,2026-03-24T11:08:33.669320+00:00,2026-03-24T11:08:33.739386+00:00,4,322.91,1,1,1,,matches_completely,5,yes,,correct,correct,matches_completely,correct
user_0104,E1,C3,1,2026-03-24T11:15:01.016913+00:00,2026-03-24T11:15:01.039366+00:00,7,270.03,2,1,1,,matches_completely,5,yes,,correct,correct,matches_completely,correct
user_0104,E3,C3,2,2026-03-24T11:21:15.979996+00:00,2026-03-24T11:21:16.008802+00:00,7,284.06,2,1,1,,partially,4,no,,correct,correct,matches_completely,correct
user_0104,E5,C3,3,2026-03-24T13:04:42.185069+00:00,2026-03-24T13:04:42.209702+00:00,4,165.19,1,1,1,,matches_completely,5,yes,,correct,correct,matches_completely,correct
user_0104,E4,C3,4,2026-03-24T13:06:41.103709+00:00,2026-03-24T13:06:41.125587+00:00,4,71.73,1,1,1,,matches_completely,4,yes,,correct,correct,matches_completely,correct
user_0104,E6,C3,5,2026-03-24T13:08:01.780687+00:00,2026-03-24T13:08:01.799981+00:00,4,55.02,1,1,1,,matches_completely,4,yes,,correct,correct,matches_completely,correct
user_0105,E2,C3,0,2026-03-24T17:57:57.853066+00:00,2026-03-24T17:57:57.873001+00:00,10,480.8,3,1,1,,matches_completely,4,yes,,correct,correct,matches_completely,correct
user_0105,E1,C3,1,2026-03-24T18:11:36.854032+00:00,2026-03-24T18:11:36.875421+00:00,4,165.5,1,1,1,,matches_completely,4,yes,,correct,correct,matches_completely,correct
user_0105,E3,C3,2,2026-03-24T18:20:35.752847+00:00,2026-03-24T18:20:35.770867+00:00,7,209.59,2,1,1,,matches_completely,4,yes,,correct,correct,matches_completely,correct
user_0105,E5,C3,3,2026-03-24T18:36:57.024965+00:00,2026-03-24T18:36:57.053680+00:00,4,476.86,1,1,1,,does_not_match,2,no,,incorrect,incorrect,partially,incorrect
user_0105,E4,C3,4,2026-03-24T18:42:21.518434+00:00,2026-03-24T18:42:21.538986+00:00,4,122.59,1,1,1,,matches_completely,3,yes,,correct,correct,matches_completely,correct
user_0105,E6,C3,5,2026-03-24T18:56:53.492411+00:00,2026-03-24T18:56:53.514032+00:00,4,102.89,1,1,1,,matches_completely,4,yes,,correct,correct,matches_completely,correct
user_0106,E2,C3,0,2026-03-24T15:10:06.697903+00:00,2026-03-24T15:10:06.722762+00:00,7,648.0,2,1,1,,partially,4,no,,correct,correct,does_not_match,correct
user_0106,E1,C3,1,2026-03-24T15:34:06.796280+00:00,2026-03-24T15:34:06.822451+00:00,11,1321.75,3,1,1,,partially,4,no,,correct,correct,matches_completely,correct
user_0106,E3,C3,2,2026-03-24T15:56:26.103567+00:00,2026-03-24T15:56:26.138882+00:00,4,604.08,1,1,1,,matches_completely,3,yes,,correct,correct,partially,correct
user_0106,E5,C3,3,2026-03-24T16:13:53.527051+00:00,2026-03-24T16:13:53.550142+00:00,7,226.58,2,1,1,,matches_completely,4,no,,correct,correct,matches_completely,correct
user_0106,E4,C3,4,2026-03-24T17:02:09.111764+00:00,2026-03-24T17:02:09.134947+00:00,10,1087.77,3,1,1,,matches_completely,4,yes,,correct,correct,matches_completely,correct
user_0106,E6,C3,5,2026-03-24T17:12:16.427511+00:00,2026-03-24T17:12:16.460890+00:00,7,396.17,2,1,1,,matches_completely,3,yes,,correct,correct,matches_completely,correct
user_0107,E2,C3,0,2026-03-24T17:22:43.298872+00:00,2026-03-24T17:22:43.317910+00:00,11,447.75,3,1,1,,matches_completely,5,yes,,correct,correct,does_not_match,correct
user_0107,E1,C3,1,2026-03-24T17:29:46.884742+00:00,2026-03-24T17:29:46.905222+00:00,4,335.12,1,1,1,,matches_completely,5,yes,,correct,correct,matches_completely,correct
user_0107,E3,C3,2,2026-03-24T17:45:04.658384+00:00,2026-03-24T17:45:04.682802+00:00,10,424.58,3,1,1,,matches_completely,5,yes,,correct,correct,matches_completely,correct
user_0107,E5,C3,3,2026-03-24T17:56:54.099207+00:00,2026-03-24T17:56:54.120951+00:00,7,473.61,2,1,1,,partially,4,yes,,incorrect,correct,matches_completely,incorrect
user_0107,E4,C3,4,2026-03-24T18:01:33.535229+00:00,2026-03-24T18:01:33.555748+00:00,4,177.3,1,1,1,,matches_completely,5,yes,,correct,correct,partially,correct
user_0107,E6,C3,5,2026-03-24T18:04:24.478056+00:00,2026-03-24T18:04:24.494999+00:00,4,114.39,1,1,1,,matches_completely,5,yes,,correct,correct,matches_completely,correct
user_0108,E2,C3,0,2026-03-24T17:08:58.636763+00:00,2026-03-24T17:08:58.662656+00:00,7,829.25,2,1,1,,matches_completely,5,yes,,correct,correct,does_not_match,correct
user_0108,E1,C3,1,2026-03-24T17:13:15.606994+00:00,2026-03-24T17:13:15.633045+00:00,4,119.94,1,1,1,,matches_completely,5,yes,,correct,correct,matches_completely,correct
user_0108,E3,C3,2,2026-03-24T17:25:56.667471+00:00,2026-03-24T17:25:56.692148+00:00,10,730.17,1,1,1,,partially,5,no,,correct,correct,matches_completely,correct
user_0108,E5,C3,3,2026-03-24T17:29:26.785734+00:00,2026-03-24T17:29:26.807819+00:00,4,44.66,1,1,1,,matches_completely,5,yes,,correct,correct,matches_completely,correct
user_0108,E4,C3,4,2026-03-24T17:32:46.417376+00:00,2026-03-24T17:32:46.437790+00:00,4,176.11,1,1,1,,matches_completely,4,yes,,correct,correct,partially,correct
user_0108,E6,C3,5,2026-03-24T17:36:15.388353+00:00,2026-03-24T17:36:15.406582+00:00,4,189.8,1,1,1,,matches_completely,4,yes,,correct,correct,matches_completely,correct
user_0109,E2,C3,0,2026-03-24T15:19:42.005180+00:00,2026-03-24T15:19:42.031272+00:00,4,397.72,1,1,1,,matches_completely,5,yes,,correct,correct,matches_completely,correct
user_0109,E1,C3,1,2026-03-24T15:40:52.438423+00:00,2026-03-24T15:40:52.464835+00:00,7,854.23,2,1,1,,matches_completely,4,yes,,correct,correct,matches_completely,correct
user_0109,E3,C3,2,2026-03-24T16:05:59.260381+00:00,2026-03-24T16:05:59.285984+00:00,7,571.83,2,1,1,,matches_completely,4,yes,,correct,correct,matches_completely,correct
user_0109,E5,C3,3,2026-03-24T16:22:22.769418+00:00,2026-03-24T16:22:22.794499+00:00,4,314.47,1,1,1,,matches_completely,5,yes,,correct,correct,matches_completely,correct
user_0109,E4,C3,4,2026-03-24T16:35:48.142388+00:00,2026-03-24T16:35:48.162033+00:00,4,328.14,1,1,1,,partially,3,yes,,correct,correct,partially,correct
user_0109,E6,C3,5,2026-03-24T17:00:17.659400+00:00,2026-03-24T17:00:17.681144+00:00,4,1033.06,1,1,1,,partially,5,yes,,correct,correct,matches_completely,correct
user_0110,E2,C3,0,2026-03-24T15:52:13.724868+00:00,2026-03-24T15:52:13.749169+00:00,4,400.42,1,1,1,,matches_completely,4,yes,,correct,correct,matches_completely,correct
user_0110,E1,C3,1,2026-03-24T16:12:31.789454+00:00,2026-03-24T16:12:31.823138+00:00,10,794.41,3,1,1,,partially,4,no,,correct,correct,partially,correct
user_0110,E3,C3,2,2026-03-24T16:35:49.893348+00:00,2026-03-24T16:35:49.912595+00:00,7,997.48,2,1,1,,matches_completely,4,yes,,correct,correct,matches_completely,correct
user_0110,E5,C3,3,2026-03-24T16:45:33.834708+00:00,2026-03-24T16:45:33.856767+00:00,5,104.59,1,1,1,,matches_completely,4,yes,,correct,correct,matches_completely,correct
user_0110,E4,C3,4,2026-03-24T17:16:45.461179+00:00,2026-03-24T17:16:45.483382+00:00,11,1238.17,3,1,1,,matches_completely,2,yes,,correct,correct,partially,correct
user_0110,E6,C3,5,2026-03-24T17:29:52.527657+00:00,2026-03-24T17:29:52.550713+00:00,4,300.42,1,1,1,,partially,3,yes,,correct,correct,matches_completely,correct
user_0113,E2,C3,0,2026-03-25T18:36:08.549943+00:00,2026-03-25T18:36:08.569877+00:00,4,122.84,1,1,1,,matches_completely,4,yes,,correct,correct,matches_completely,correct
user_0113,E1,C3,1,2026-03-25T18:55:55.489399+00:00,2026-03-25T18:55:55.514926+00:00,12,957.14,3,1,1,,partially,3,no,,correct,correct,matches_completely,correct
user_0113,E3,C3,2,2026-03-25T19:11:44.636633+00:00,2026-03-25T19:11:44.665970+00:00,10,457.45,3,1,1,,partially,3,no,,correct,correct,matches_completely,correct
user_0113,E5,C3,3,2026-03-25T19:19:19.699901+00:00,2026-03-25T19:19:19.726803+00:00,11,224.31,3,1,1,,matches_completely,3,yes,,correct,correct,matches_completely,correct
user_0113,E4,C3,4,2026-03-25T19:28:38.371177+00:00,2026-03-25T19:28:38.401241+00:00,11,464.27,3,1,1,,partially,3,yes,,correct,correct,matches_completely,correct
user_0113,E6,C3,5,2026-03-25T19:39:39.150762+00:00,2026-03-25T19:39:39.181525+00:00,14,444.34,1,1,1,,partially,3,yes,,correct,correct,matches_completely,correct
user_0114,E2,C3,0,2026-03-25T18:36:02.294544+00:00,2026-03-25T18:36:02.321773+00:00,4,142.34,1,1,1,,matches_completely,5,yes,,correct,correct,matches_completely,correct
user_0114,E1,C3,1,2026-03-25T18:50:16.237734+00:00,2026-03-25T18:50:16.265622+00:00,12,644.12,2,1,1,,does_not_match,5,yes,,incorrect,incorrect,partially,incorrect
user_0114,E3,C3,2,2026-03-25T19:02:40.292071+00:00,2026-03-25T19:02:40.325474+00:00,10,519.39,2,1,1,,does_not_match,5,yes,,incorrect,incorrect,partially,incorrect
user_0114,E5,C3,3,2026-03-25T19:08:50.100279+00:00,2026-03-25T19:08:50.122947+00:00,7,139.31,2,1,1,,matches_completely,5,yes,,correct,correct,matches_completely,correct
user_0114,E4,C3,4,2026-03-25T19:26:46.870884+00:00,2026-03-25T19:26:46.911749+00:00,8,142.72,3,1,1,,partially,1,yes,,correct,correct,matches_completely,correct
user_0114,E6,C3,5,2026-03-25T19:30:00.342912+00:00,2026-03-25T19:30:00.368824+00:00,4,102.58,1,1,1,,matches_completely,4,yes,,correct,correct,matches_completely,correct
user_0115,E2,C3,0,2026-03-25T19:46:48.539577+00:00,2026-03-25T19:46:48.560872+00:00,4,933.92,1,1,1,,partially,4,yes,,correct,correct,does_not_match,correct
user_0115,E1,C3,1,2026-03-25T20:01:02.800039+00:00,2026-03-25T20:01:02.822412+00:00,11,631.38,2,1,1,,matches_completely,5,yes,,correct,correct,partially,correct
user_0115,E3,C3,2,2026-03-25T20:04:32.098508+00:00,2026-03-25T20:04:32.117530+00:00,4,166.27,1,1,1,,matches_completely,5,yes,,correct,correct,matches_completely,correct
user_0115,E5,C3,3,2026-03-25T20:16:44.458136+00:00,2026-03-25T20:16:44.482007+00:00,9,513.19,1,1,1,,partially,4,no,,incorrect,correct,partially,incorrect
user_0115,E4,C3,4,2026-03-25T20:20:13.643194+00:00,2026-03-25T20:20:13.662475+00:00,4,98.12,1,1,1,,matches_completely,4,yes,,correct,correct,matches_completely,correct
user_0115,E6,C3,5,2026-03-25T20:21:56.641730+00:00,2026-03-25T20:21:56.664746+00:00,4,30.52,1,1,1,,matches_completely,4,yes,,correct,correct,matches_completely,correct
user_0116,E2,C3,0,2026-03-25T19:01:29.554413+00:00,2026-03-25T19:01:29.579525+00:00,5,143.83,2,1,1,,matches_completely,5,yes,,correct,correct,matches_completely,correct
user_0116,E1,C3,1,2026-03-25T19:06:32.743529+00:00,2026-03-25T19:06:32.763706+00:00,4,132.33,1,1,1,,matches_completely,5,yes,,correct,correct,matches_completely,correct
user_0116,E3,C3,2,2026-03-25T19:27:37.599704+00:00,2026-03-25T19:27:37.624777+00:00,10,985.8,2,1,1,,does_not_match,4,no,,incorrect,incorrect,matches_completely,incorrect
user_0116,E5,C3,3,2026-03-25T19:32:16.848584+00:00,2026-03-25T19:32:16.874257+00:00,4,87.66,1,1,1,,matches_completely,5,yes,,correct,correct,matches_completely,correct
user_0116,E4,C3,4,2026-03-25T19:34:59.721902+00:00,2026-03-25T19:34:59.747621+00:00,4,112.3,1,1,1,,matches_completely,5,yes,,correct,correct,matches_completely,correct
user_0116,E6,C3,5,2026-03-25T19:36:41.235657+00:00,2026-03-25T19:36:41.260304+00:00,4,53.03,1,1,1,,matches_completely,5,yes,,correct,correct,matches_completely,correct
user_0118,E2,C3,0,2026-03-26T14:47:23.206972+00:00,2026-03-26T14:47:23.229183+00:00,4,177.48,1,1,1,,partially,4,yes,,correct,correct,matches_completely,correct
user_0118,E1,C3,1,2026-03-26T14:55:09.353169+00:00,2026-03-26T14:55:09.376056+00:00,4,125.02,1,1,1,,matches_completely,5,yes,,correct,correct,matches_completely,correct
user_0118,E3,C3,2,2026-03-26T15:14:41.077416+00:00,2026-03-26T15:14:41.100024+00:00,4,118.72,1,1,1,,matches_completely,4,yes,,correct,correct,matches_completely,correct
user_0118,E5,C3,3,2026-03-26T15:21:42.730744+00:00,2026-03-26T15:21:42.750781+00:00,4,52.86,1,1,1,,matches_completely,5,yes,,correct,correct,matches_completely,correct
user_0118,E4,C3,4,2026-03-26T15:24:09.633589+00:00,2026-03-26T15:24:09.651925+00:00,4,54.5,1,1,1,,matches_completely,5,yes,,correct,correct,matches_completely,correct
user_0118,E6,C3,5,2026-03-26T15:27:15.838037+00:00,2026-03-26T15:27:15.858527+00:00,4,39.59,1,1,1,,matches_completely,4,yes,,correct,correct,matches_completely,correct
user_0119,E2,C3,0,2026-03-26T15:16:51.885562+00:00,2026-03-26T15:16:51.905171+00:00,4,125.38,1,1,1,,matches_completely,3,yes,,correct,correct,does_not_match,correct
user_0119,E1,C3,1,2026-03-26T15:24:15.712976+00:00,2026-03-26T15:24:15.733539+00:00,7,180.8,2,1,1,,matches_completely,3,yes,,correct,correct,matches_completely,correct
user_0119,E3,C3,2,2026-03-26T15:29:18.421745+00:00,2026-03-26T15:29:18.439696+00:00,4,98.24,1,1,1,,partially,3,yes,,correct,correct,matches_completely,correct
user_0119,E5,C3,3,2026-03-26T15:41:33.729231+00:00,2026-03-26T15:41:33.757446+00:00,7,208.25,2,1,1,,matches_completely,3,yes,,correct,correct,matches_completely,correct
user_0119,E4,C3,4,2026-03-26T15:43:47.655922+00:00,2026-03-26T15:43:47.677522+00:00,4,32.97,1,1,1,,matches_completely,3,yes,,correct,correct,matches_completely,correct
user_0119,E6,C3,5,2026-03-26T15:46:24.687201+00:00,2026-03-26T15:46:24.708490+00:00,4,50.09,1,1,1,,matches_completely,3,yes,,correct,correct,matches_completely,correct
user_0120,E2,C3,0,2026-03-26T09:19:44.152594+00:00,2026-03-26T09:19:44.171963+00:00,4,601.62,1,1,1,,partially,3,yes,,correct,correct,matches_completely,correct
user_0120,E1,C3,1,2026-03-26T09:22:33.583172+00:00,2026-03-26T09:22:33.604919+00:00,4,101.14,1,1,1,,matches_completely,4,yes,,correct,correct,matches_completely,correct
user_0120,E3,C3,2,2026-03-26T09:25:04.435106+00:00,2026-03-26T09:25:04.454327+00:00,4,91.55,1,1,1,,matches_completely,4,yes,,correct,correct,matches_completely,correct
user_0120,E5,C3,3,2026-03-26T09:30:50.725652+00:00,2026-03-26T09:30:50.744376+00:00,4,104.25,1,1,1,,matches_completely,4,yes,,correct,correct,matches_completely,correct
user_0120,E4,C3,4,2026-03-26T09:36:18.750021+00:00,2026-03-26T09:36:18.771557+00:00,4,300.67,1,1,1,,matches_completely,4,yes,,correct,correct,matches_completely,correct
user_0120,E6,C3,5,2026-03-26T09:38:24.129806+00:00,2026-03-26T09:38:24.147341+00:00,4,88.28,1,1,1,,matches_completely,4,yes,,correct,correct,matches_completely,correct
user_0121,E2,C3,0,2026-03-25T15:39:05.782239+00:00,2026-03-25T15:39:05.805030+00:00,4,68.58,1,1,1,,matches_completely,4,yes,,correct,correct,matches_completely,correct
user_0121,E1,C3,1,2026-03-25T15:43:28.897498+00:00,2026-03-25T15:43:28.922803+00:00,4,36.58,3,1,1,,matches_completely,4,yes,,correct,correct,matches_completely,correct
user_0121,E3,C3,2,2026-03-25T15:46:16.470526+00:00,2026-03-25T15:46:16.492220+00:00,7,112.17,2,1,1,,matches_completely,3,yes,,correct,correct,matches_completely,correct
user_0121,E5,C3,3,2026-03-25T15:48:06.401973+00:00,2026-03-25T15:48:06.428921+00:00,9,92.45,2,1,1,,partially,3,yes,,incorrect,correct,matches_completely,incorrect
user_0121,E4,C3,4,2026-03-25T17:05:35.433493+00:00,2026-03-25T17:05:35.456614+00:00,4,37.55,1,1,1,,matches_completely,4,yes,,correct,correct,matches_completely,correct
user_0121,E6,C3,5,2026-03-25T17:10:28.712763+00:00,2026-03-25T17:14:14.371650+00:00,5,26.06,3,1,1,,matches_completely,3,yes,,correct,correct,matches_completely,correct
user_0123,E2,C3,0,2026-03-26T12:03:41.307962+00:00,2026-03-26T12:03:41.330147+00:00,10,1561.09,3,1,1,,matches_completely,4,yes,,correct,correct,matches_completely,correct
user_0123,E1,C3,1,2026-03-26T12:08:25.764904+00:00,2026-03-26T12:08:25.783054+00:00,4,202.03,1,1,1,,matches_completely,5,yes,,correct,correct,matches_completely,correct
user_0123,E3,C3,2,2026-03-26T12:11:11.628586+00:00,2026-03-26T12:11:11.647996+00:00,4,128.55,1,1,1,,matches_completely,5,yes,,correct,correct,matches_completely,correct
user_0123,E5,C3,3,2026-03-26T12:22:44.357078+00:00,2026-03-26T12:22:44.379502+00:00,4,216.08,1,1,1,,matches_completely,5,yes,,correct,correct,matches_completely,correct
user_0123,E4,C3,4,2026-03-26T12:32:16.353249+00:00,2026-03-26T12:32:16.377745+00:00,4,275.8,2,1,1,,matches_completely,5,yes,,correct,correct,matches_completely,correct
user_0123,E6,C3,5,2026-03-26T12:36:53.069685+00:00,2026-03-26T12:36:53.088350+00:00,6,131.2,1,1,1,,matches_completely,5,yes,,correct,correct,matches_completely,correct
user_0124,E2,C3,0,2026-03-26T13:34:54.708119+00:00,2026-03-26T13:34:54.729943+00:00,4,994.02,1,1,1,,partially,3,yes,,correct,correct,does_not_match,correct
user_0124,E1,C3,1,2026-03-26T13:53:03.901481+00:00,2026-03-26T13:53:03.929124+00:00,1,0.0,2,,,,partially,3,yes,,correct,correct,partially,correct
user_0124,E3,C3,2,2026-03-26T13:59:06.303077+00:00,2026-03-26T13:59:06.332073+00:00,4,151.39,1,1,1,,matches_completely,4,yes,,correct,correct,matches_completely,correct
user_0124,E5,C3,3,2026-03-26T14:07:03.545148+00:00,2026-03-26T14:07:03.570270+00:00,7,317.67,2,1,1,,matches_completely,4,yes,,correct,correct,matches_completely,correct
user_0124,E4,C3,4,2026-03-26T14:09:47.268702+00:00,2026-03-26T14:09:47.289214+00:00,4,78.33,1,1,1,,matches_completely,4,yes,,correct,correct,matches_completely,correct
user_0124,E6,C3,5,2026-03-26T14:11:04.430321+00:00,2026-03-26T14:11:04.452988+00:00,4,20.53,1,1,1,,matches_completely,4,yes,,correct,correct,matches_completely,correct
user_0125,E2,C3,0,2026-03-25T21:44:55.206783+00:00,2026-03-25T21:44:55.225991+00:00,4,962.22,1,1,1,,partially,3,yes,,correct,correct,matches_completely,correct
user_0125,E1,C3,1,2026-03-25T22:01:31.373064+00:00,2026-03-25T22:01:31.396535+00:00,10,624.41,3,1,1,,partially,4,yes,,correct,correct,matches_completely,correct
user_0125,E3,C3,2,2026-03-25T22:13:59.474524+00:00,2026-03-25T22:13:59.497676+00:00,8,441.56,3,1,1,,partially,4,yes,,correct,correct,matches_completely,correct
user_0125,E5,C3,3,2026-03-25T22:22:03.591355+00:00,2026-03-25T22:22:03.612990+00:00,4,160.53,1,1,1,,partially,4,yes,,incorrect,correct,matches_completely,incorrect
user_0125,E4,C3,4,2026-03-25T22:29:18.738101+00:00,2026-03-25T22:29:18.770932+00:00,10,294.62,2,1,1,,matches_completely,5,yes,,correct,correct,partially,correct
user_0125,E6,C3,5,2026-03-25T22:31:17.686230+00:00,2026-03-25T22:31:17.705030+00:00,4,45.8,1,1,1,,matches_completely,5,yes,,correct,correct,matches_completely,correct
user_0126,E2,C3,0,2026-03-25T16:43:03.264328+00:00,2026-03-25T16:43:03.285119+00:00,4,405.83,1,1,1,,matches_completely,5,yes,,correct,correct,matches_completely,correct
user_0126,E1,C3,1,2026-03-25T16:55:51.723818+00:00,2026-03-25T16:55:51.748681+00:00,6,394.36,1,1,1,,matches_completely,5,yes,,correct,correct,partially,correct
user_0126,E3,C3,2,2026-03-25T17:08:17.617192+00:00,2026-03-25T17:08:17.641764+00:00,8,668.11,2,1,1,,matches_completely,5,yes,,correct,correct,matches_completely,correct
user_0126,E5,C3,3,2026-03-25T17:20:11.407068+00:00,2026-03-25T17:20:11.428580+00:00,7,199.75,2,1,1,,matches_completely,5,yes,,correct,correct,matches_completely,correct
user_0126,E4,C3,4,2026-03-25T17:31:16.332596+00:00,2026-03-25T17:31:16.356086+00:00,10,450.86,3,1,1,,matches_completely,5,yes,,correct,correct,matches_completely,correct
user_0126,E6,C3,5,2026-03-25T17:37:00.334900+00:00,2026-03-25T17:37:00.353567+00:00,4,104.98,1,1,1,,matches_completely,4,yes,,correct,correct,matches_completely,correct
user_0127,E2,C3,0,2026-03-25T17:25:30.801152+00:00,2026-03-25T17:25:30.822773+00:00,7,610.83,2,1,1,,matches_completely,5,yes,,correct,correct,matches_completely,correct
user_0127,E1,C3,1,2026-03-25T17:27:53.818507+00:00,2026-03-25T17:27:53.838442+00:00,4,79.38,1,1,1,,matches_completely,5,yes,,correct,correct,matches_completely,correct
user_0127,E3,C3,2,2026-03-25T17:37:57.208090+00:00,2026-03-25T17:37:57.227508+00:00,4,125.45,2,1,1,,matches_completely,5,yes,,correct,correct,matches_completely,correct
user_0127,E5,C3,3,2026-03-25T17:42:28.528919+00:00,2026-03-25T17:42:28.546614+00:00,4,71.86,1,1,1,,matches_completely,5,yes,,correct,correct,matches_completely,correct
user_0127,E4,C3,4,2026-03-25T17:44:49.952575+00:00,2026-03-25T17:44:49.972181+00:00,4,55.64,1,1,1,,matches_completely,5,yes,,correct,correct,partially,correct
user_0127,E6,C3,5,2026-03-25T17:56:26.139110+00:00,2026-03-25T17:56:26.166837+00:00,4,42.08,1,1,1,,matches_completely,5,yes,,correct,correct,matches_completely,correct
user_0128,E2,C3,0,2026-03-25T17:23:20.412256+00:00,2026-03-25T17:23:20.432857+00:00,4,481.36,1,1,1,,matches_completely,5,yes,,correct,correct,matches_completely,correct
user_0128,E1,C3,1,2026-03-25T17:25:18.166103+00:00,2026-03-25T17:25:18.192668+00:00,4,72.62,1,1,1,,matches_completely,5,yes,,correct,correct,matches_completely,correct
user_0128,E3,C3,2,2026-03-25T17:30:59.473562+00:00,2026-03-25T17:30:59.493969+00:00,8,92.23,2,1,1,,partially,4,yes,,correct,correct,matches_completely,correct
user_0128,E5,C3,3,2026-03-25T17:39:47.549825+00:00,2026-03-25T17:39:47.576118+00:00,4,64.5,1,1,1,,partially,4,yes,,incorrect,correct,matches_completely,incorrect
user_0128,E4,C3,4,2026-03-25T17:41:00.975177+00:00,2026-03-25T17:41:00.991644+00:00,4,21.14,1,1,1,,matches_completely,5,yes,,correct,correct,matches_completely,correct
user_0128,E6,C3,5,2026-03-25T17:42:32.542919+00:00,2026-03-25T17:42:32.560344+00:00,4,21.0,1,1,1,,matches_completely,5,yes,,correct,correct,matches_completely,correct
user_0129,E2,C3,0,2026-03-25T17:45:54.194259+00:00,2026-03-25T17:45:54.214315+00:00,4,138.16,1,1,1,,matches_completely,5,yes,,correct,correct,,correct
user_0129,E1,C3,1,2026-03-25T17:50:09.073750+00:00,2026-03-25T17:50:09.094041+00:00,4,114.44,1,1,1,,matches_completely,5,yes,,correct,correct,,correct
user_0129,E3,C3,2,2026-03-25T17:55:22.515771+00:00,2026-03-25T17:55:22.533642+00:00,4,56.51,1,1,1,,matches_completely,5,yes,,correct,correct,,correct
user_0129,E5,C3,3,2026-03-25T17:59:34.196683+00:00,2026-03-25T17:59:34.217851+00:00,4,28.64,1,1,1,,matches_completely,5,yes,,correct,correct,,correct
user_0129,E4,C3,4,2026-03-25T18:03:40.891818+00:00,2026-03-25T18:03:40.911866+00:00,4,103.48,1,1,1,,matches_completely,5,yes,,correct,correct,,correct
user_0129,E6,C3,5,2026-03-25T18:05:38.695811+00:00,2026-03-25T18:05:38.716396+00:00,4,38.5,1,1,1,,matches_completely,5,yes,,correct,correct,,correct
user_0130,E2,C3,0,2026-03-25T17:29:12.527611+00:00,2026-03-25T17:29:12.555840+00:00,4,321.06,2,1,1,,partially,4,yes,,correct,correct,does_not_match,correct
user_0130,E1,C3,1,2026-03-25T17:31:34.036570+00:00,2026-03-25T17:31:34.059869+00:00,10,126.55,2,1,1,,matches_completely,5,yes,,correct,correct,partially,correct
user_0130,E3,C3,2,2026-03-25T17:37:42.193083+00:00,2026-03-25T17:37:42.218612+00:00,12,182.52,2,1,1,,matches_completely,4,yes,,correct,correct,partially,correct
user_0130,E5,C3,3,2026-03-25T17:51:08.993212+00:00,2026-03-25T17:59:42.253852+00:00,8,985.72,1,1,1,,matches_completely,4,yes,,correct,correct,matches_completely,correct
user_0130,E4,C3,4,2026-03-25T17:53:06.256161+00:00,2026-03-25T17:53:06.275675+00:00,7,98.38,2,1,1,,matches_completely,5,yes,,correct,correct,matches_completely,correct
user_0130,E6,C3,5,2026-03-25T18:01:10.333836+00:00,2026-03-25T18:01:10.353155+00:00,4,81.77,1,1,1,,matches_completely,4,yes,,correct,correct,matches_completely,correct
user_0131,E2,C3,0,2026-03-25T19:19:18.734725+00:00,2026-03-25T19:19:18.756421+00:00,4,353.41,1,1,1,,matches_completely,2,yes,,correct,correct,does_not_match,correct
user_0131,E1,C3,1,2026-03-25T19:25:07.120383+00:00,2026-03-25T19:25:07.141125+00:00,4,166.72,1,1,1,,matches_completely,4,yes,,correct,correct,matches_completely,correct
user_0131,E3,C3,2,2026-03-25T19:35:55.662681+00:00,2026-03-25T19:35:55.683017+00:00,4,514.2,1,1,1,,partially,4,yes,,correct,correct,matches_completely,correct
user_0131,E5,C3,3,2026-03-25T19:44:21.402464+00:00,2026-03-25T19:44:21.426500+00:00,4,318.61,1,1,1,,matches_completely,3,yes,,correct,correct,partially,correct
user_0131,E4,C3,4,2026-03-25T19:49:39.977127+00:00,2026-03-25T19:49:39.998618+00:00,4,192.36,1,1,1,,matches_completely,1,yes,,correct,correct,matches_completely,correct
user_0131,E6,C3,5,2026-03-25T19:52:10.630279+00:00,2026-03-25T19:52:10.652072+00:00,4,56.26,1,1,1,,matches_completely,3,yes,,correct,correct,matches_completely,correct
user_0132,E2,C3,0,2026-03-25T16:42:30.258544+00:00,2026-03-25T16:42:30.281101+00:00,4,67.5,1,1,1,,matches_completely,5,yes,,correct,correct,matches_completely,correct
user_0132,E1,C3,1,2026-03-25T16:44:56.333656+00:00,2026-03-25T16:44:56.353077+00:00,4,111.47,1,1,1,,matches_completely,4,yes,,correct,correct,matches_completely,correct
user_0132,E3,C3,2,2026-03-25T16:47:03.017736+00:00,2026-03-25T16:47:03.039014+00:00,4,100.28,1,1,1,,matches_completely,3,yes,,correct,correct,matches_completely,correct
user_0132,E5,C3,3,2026-03-25T16:49:56.483668+00:00,2026-03-25T16:49:56.506345+00:00,4,39.34,1,1,1,,matches_completely,5,yes,,correct,correct,matches_completely,correct
user_0132,E4,C3,4,2026-03-25T16:50:50.349581+00:00,2026-03-25T16:50:50.370684+00:00,4,38.88,1,1,1,,matches_completely,3,yes,,correct,correct,partially,correct
user_0132,E6,C3,5,2026-03-25T16:51:41.171306+00:00,2026-03-25T16:51:41.191854+00:00,4,38.59,1,1,1,,matches_completely,4,yes,,correct,correct,matches_completely,correct
user_0133,E2,C3,0,2026-03-25T19:18:27.696803+00:00,2026-03-25T19:18:27.720555+00:00,4,349.45,1,1,1,,matches_completely,4,yes,,correct,correct,,correct
user_0133,E1,C3,1,2026-03-25T19:26:17.384049+00:00,2026-03-25T19:26:17.403907+00:00,4,71.06,1,1,1,,matches_completely,5,yes,,correct,correct,,correct
user_0133,E3,C3,2,2026-03-25T19:33:37.374653+00:00,2026-03-25T19:33:37.401834+00:00,4,136.94,1,1,1,,matches_completely,5,yes,,correct,correct,,correct
user_0133,E5,C3,3,2026-03-26T09:04:51.433459+00:00,2026-03-26T09:04:51.450231+00:00,4,72.49,1,1,1,,matches_completely,5,yes,,correct,correct,,correct
user_0133,E4,C3,4,2026-03-26T09:11:30.888912+00:00,2026-03-26T09:11:30.911658+00:00,4,91.7,1,1,1,,matches_completely,5,yes,,correct,correct,,correct
user_0133,E6,C3,5,2026-03-26T09:19:35.036089+00:00,2026-03-26T09:19:35.056336+00:00,4,141.58,1,1,1,,matches_completely,5,yes,,correct,correct,,correct
user_0134,E2,C3,0,2026-03-25T19:05:10.751171+00:00,2026-03-25T19:05:10.772003+00:00,4,344.49,1,1,1,,matches_completely,5,yes,,correct,correct,does_not_match,correct
user_0134,E1,C3,1,2026-03-25T19:09:32.919643+00:00,2026-03-25T19:09:32.942088+00:00,8,101.86,2,1,1,,matches_completely,5,yes,,correct,correct,partially,correct
user_0134,E3,C3,2,2026-03-25T19:14:03.186559+00:00,2026-03-25T19:14:03.212287+00:00,4,105.91,1,1,1,,matches_completely,5,yes,,correct,correct,matches_completely,correct
user_0134,E5,C3,3,2026-03-25T19:24:14.243360+00:00,2026-03-25T19:24:14.268055+00:00,4,137.64,1,1,1,,matches_completely,5,yes,,correct,correct,matches_completely,correct
user_0134,E4,C3,4,2026-03-25T19:36:27.656172+00:00,2026-03-25T19:36:27.688340+00:00,12,663.66,3,1,1,,matches_completely,5,yes,,correct,correct,matches_completely,correct
user_0134,E6,C3,5,2026-03-25T19:40:38.209529+00:00,2026-03-25T19:40:38.232731+00:00,7,234.92,2,1,1,,matches_completely,5,yes,,correct,correct,matches_completely,correct
user_0150,E2,C3,0,2026-03-26T19:23:27.747201+00:00,2026-03-26T19:23:27.767366+00:00,4,585.3,1,1,1,,matches_completely,4,yes,,correct,correct,,correct
user_0150,E1,C3,1,2026-03-26T19:28:49.603642+00:00,2026-03-26T19:28:49.624571+00:00,4,82.52,1,1,1,,matches_completely,5,yes,,correct,correct,,correct
user_0150,E3,C3,2,2026-03-26T19:39:27.807703+00:00,2026-03-26T19:39:27.826640+00:00,4,177.05,1,1,1,,matches_completely,4,yes,,correct,correct,,correct
user_0150,E5,C3,3,2026-03-26T19:49:03.252430+00:00,2026-03-26T19:49:03.270666+00:00,4,59.8,1,1,1,,matches_completely,5,yes,,correct,correct,,correct
user_0150,E4,C3,4,2026-03-26T20:00:19.099446+00:00,2026-03-26T20:00:19.120925+00:00,4,141.55,1,1,1,,matches_completely,5,yes,,correct,correct,,correct
user_0150,E6,C3,5,2026-03-26T20:07:45.262617+00:00,2026-03-26T20:07:45.279663+00:00,4,84.41,1,1,1,,matches_completely,5,yes,,correct,correct,,correct
user_0152,E2,C3,0,2026-03-26T13:03:06.871451+00:00,2026-03-26T13:03:06.891758+00:00,4,328.5,1,1,1,,matches_completely,5,yes,,correct,correct,matches_completely,correct
user_0152,E1,C3,1,2026-03-26T13:21:39.421526+00:00,2026-03-26T13:21:39.444469+00:00,8,776.94,2,1,1,,partially,4,yes,,correct,correct,matches_completely,correct
user_0152,E3,C3,2,2026-03-26T13:54:13.910846+00:00,2026-03-26T13:54:13.936410+00:00,15,1284.09,2,1,1,,does_not_match,5,yes,,incorrect,incorrect,matches_completely,incorrect
user_0152,E5,C3,3,2026-03-26T14:10:58.248072+00:00,2026-03-26T14:10:58.271284+00:00,4,175.5,1,1,1,,matches_completely,5,yes,,correct,correct,matches_completely,correct
user_0152,E4,C3,4,2026-03-26T14:22:09.494330+00:00,2026-03-26T14:22:09.514174+00:00,4,44.64,1,1,1,,matches_completely,5,yes,,correct,correct,partially,correct
user_0152,E6,C3,5,2026-03-26T14:26:02.263098+00:00,2026-03-26T14:26:02.287547+00:00,4,46.12,1,1,1,,matches_completely,5,yes,,correct,correct,matches_completely,correct
user_0153,E2,C3,0,2026-03-26T13:00:49.342248+00:00,2026-03-26T13:00:49.363388+00:00,4,185.14,1,1,1,,matches_completely,4,yes,,correct,correct,matches_completely,correct
user_0153,E1,C3,1,2026-03-26T13:10:02.409505+00:00,2026-03-26T13:10:02.438273+00:00,10,172.53,3,1,1,,partially,3,yes,,correct,correct,matches_completely,correct
user_0153,E3,C3,2,2026-03-26T13:21:08.208031+00:00,2026-03-26T13:21:08.234136+00:00,7,189.48,2,1,1,,partially,3,yes,,correct,correct,matches_completely,correct
user_0153,E5,C3,3,2026-03-26T13:27:47.015174+00:00,2026-03-26T13:27:47.037959+00:00,8,135.28,2,1,1,,matches_completely,4,yes,,correct,correct,matches_completely,correct
user_0153,E4,C3,4,2026-03-26T13:34:21.111531+00:00,2026-03-26T13:34:21.134415+00:00,7,126.19,2,1,1,,partially,2,yes,,correct,correct,matches_completely,correct
user_0153,E6,C3,5,2026-03-26T13:38:36.812288+00:00,2026-03-26T13:38:36.833380+00:00,4,60.11,1,1,1,,matches_completely,3,yes,,correct,correct,matches_completely,correct
user_0158,E2,C3,0,2026-03-26T10:39:59.162664+00:00,2026-03-26T10:39:59.182264+00:00,4,175.75,1,1,1,,matches_completely,3,yes,,correct,correct,matches_completely,correct
user_0158,E1,C3,1,2026-03-26T10:47:22.185585+00:00,2026-03-26T10:47:22.205349+00:00,5,139.03,1,1,1,,matches_completely,3,yes,,correct,correct,matches_completely,correct
user_0158,E3,C3,2,2026-03-26T11:02:14.667755+00:00,2026-03-26T11:02:14.691295+00:00,7,297.52,2,1,1,,partially,2,no,,correct,correct,matches_completely,correct
user_0158,E5,C3,3,2026-03-26T11:08:28.586226+00:00,2026-03-26T11:08:28.604560+00:00,4,25.83,1,1,1,,matches_completely,3,yes,,correct,correct,matches_completely,correct
user_0158,E4,C3,4,2026-03-26T11:11:59.715432+00:00,2026-03-26T11:11:59.735345+00:00,4,26.47,1,1,1,,matches_completely,5,yes,,correct,correct,matches_completely,correct
user_0158,E6,C3,5,2026-03-26T11:14:32.456301+00:00,2026-03-26T11:14:32.477729+00:00,4,28.59,1,1,1,,matches_completely,4,yes,,correct,correct,matches_completely,correct
user_0170,E2,C3,0,2026-03-26T10:46:03.819204+00:00,2026-03-26T10:46:03.839192+00:00,4,910.23,1,1,1,,matches_completely,4,yes,,correct,correct,matches_completely,correct
user_0170,E1,C3,1,2026-03-26T10:52:42.080478+00:00,2026-03-26T10:52:42.099600+00:00,4,263.89,1,1,1,,matches_completely,4,no,,correct,correct,matches_completely,correct
user_0170,E3,C3,2,2026-03-26T11:06:02.954948+00:00,2026-03-26T11:06:02.975920+00:00,4,313.34,1,1,1,,matches_completely,3,yes,,correct,correct,matches_completely,correct
user_0170,E5,C3,3,2026-03-26T11:14:09.266827+00:00,2026-03-26T11:14:09.288570+00:00,7,209.61,2,1,1,,matches_completely,4,yes,,correct,correct,matches_completely,correct
user_0170,E4,C3,4,2026-03-26T11:34:52.842170+00:00,2026-03-26T11:34:52.860244+00:00,4,266.11,1,1,1,,matches_completely,4,yes,,correct,correct,partially,correct
user_0170,E6,C3,5,2026-03-26T11:40:32.677672+00:00,2026-03-26T11:40:32.699932+00:00,4,179.42,1,1,1,,matches_completely,5,yes,,correct,correct,matches_completely,correct
user_0171,E2,C3,0,2026-03-26T16:33:05.596978+00:00,2026-03-26T16:33:05.617216+00:00,7,594.38,2,1,1,,matches_completely,5,yes,,correct,correct,matches_completely,correct
user_0171,E1,C3,1,2026-03-26T16:37:13.580824+00:00,2026-03-26T16:37:13.601175+00:00,4,158.41,1,1,1,,matches_completely,5,yes,,correct,correct,matches_completely,correct
user_0171,E3,C3,2,2026-03-26T16:52:27.496258+00:00,2026-03-26T16:52:27.517141+00:00,12,819.52,3,1,1,,partially,3,yes,,correct,correct,matches_completely,correct
user_0171,E5,C3,3,2026-03-26T16:55:09.004859+00:00,2026-03-26T16:55:09.026701+00:00,4,57.11,1,1,1,,matches_completely,5,yes,,correct,correct,matches_completely,correct
user_0171,E4,C3,4,2026-03-26T16:56:28.195590+00:00,2026-03-26T16:56:28.215314+00:00,4,49.69,1,1,1,,matches_completely,5,yes,,correct,correct,matches_completely,correct
user_0171,E6,C3,5,2026-03-26T16:59:01.496007+00:00,2026-03-26T16:59:01.515808+00:00,4,116.25,1,1,1,,matches_completely,5,yes,,correct,correct,matches_completely,correct
user_0201,E2,C3,0,2026-03-24T16:08:06.697903+00:00,2026-03-24T16:08:06.722762+00:00,7,712.95,2,1,1,,partially,4,no,,correct,correct,does_not_match,correct
user_0201,E1,C3,1,2026-03-24T16:32:06.796280+00:00,2026-03-24T16:32:06.822451+00:00,11,1303.28,3,1,1,,partially,4,no,,correct,correct,matches_completely,correct
user_0201,E3,C3,2,2026-03-24T16:54:26.103567+00:00,2026-03-24T16:54:26.138882+00:00,4,542.94,1,1,1,,matches_completely,3,yes,,correct,correct,partially,correct
user_0201,E5,C3,3,2026-03-24T17:11:53.527051+00:00,2026-03-24T17:11:53.550142+00:00,7,238.15,2,1,1,,matches_completely,4,no,,correct,correct,matches_completely,correct
user_0201,E4,C3,4,2026-03-24T18:00:09.111764+00:00,2026-03-24T18:00:09.134947+00:00,10,1040.54,3,1,1,,matches_completely,4,yes,,correct,correct,matches_completely,correct
user_0201,E6,C3,5,2026-03-24T18:10:16.427511+00:00,2026-03-24T18:10:16.460890+00:00,7,420.16,2,1,1,,matches_completely,3,yes,,correct,correct,matches_completely,correct
user_0203,E2,C3,0,2026-03-26T16:05:23.206972+00:00,2026-03-26T16:05:23.229183+00:00,4,181.19,1,1,1,,partially,4,yes,,correct,correct,matches_completely,correct
user_0203,E1,C3,1,2026-03-26T16:13:09.353169+00:00,2026-03-26T16:13:09.376056+00:00,4,141.58,1,1,1,,matches_completely,5,yes,,correct,correct,matches_completely,correct
user_0203,E3,C3,2,2026-03-26T16:32:41.077416+00:00,2026-03-26T16:32:41.100024+00:00,4,121.53,1,1,1,,matches_completely,4,yes,,correct,correct,matches_completely,correct
user_0203,E5,C3,3,2026-03-26T16:39:42.730744+00:00,2026-03-26T16:39:42.750781+00:00,4,46.23,1,1,1,,matches_completely,5,yes,,correct,correct,matches_completely,correct
user_0203,E4,C3,4,2026-03-26T16:42:09.633589+00:00,2026-03-26T16:42:09.651925+00:00,4,46.97,1,1,1,,matches_completely,5,yes,,correct,correct,matches_completely,correct
user_0203,E6,C3,5,2026-03-26T16:45:15.838037+00:00,2026-03-26T16:45:15.858527+00:00,4,41.46,1,1,1,,matches_completely,4,yes,,correct,correct,matches_completely,correct
user_0204,E2,C3,0,2026-03-25T22:31:55.206783+00:00,2026-03-25T22:31:55.225991+00:00,4,919.98,1,1,1,,partially,3,yes,,correct,correct,matches_completely,correct
user_0204,E1,C3,1,2026-03-25T22:48:31.373064+00:00,2026-03-25T22:48:31.396535+00:00,10,655.68,3,1,1,,partially,4,yes,,correct,correct,matches_completely,correct
user_0204,E3,C3,2,2026-03-25T23:00:59.474524+00:00,2026-03-25T23:00:59.497676+00:00,8,449.49,3,1,1,,partially,4,yes,,correct,correct,matches_completely,correct
user_0204,E5,C3,3,2026-03-25T23:09:03.591355+00:00,2026-03-25T23:09:03.612990+00:00,4,183.35,1,1,1,,partially,4,yes,,incorrect,correct,matches_completely,incorrect
user_0204,E4,C3,4,2026-03-25T23:16:18.738101+00:00,2026-03-25T23:16:18.770932+00:00,10,327.74,2,1,1,,matches_completely,5,yes,,correct,correct,partially,correct
user_0204,E6,C3,5,2026-03-25T23:18:17.686230+00:00,2026-03-25T23:18:17.705030+00:00,4,49.23,1,1,1,,matches_completely,5,yes,,correct,correct,matches_completely,correct
user_0205,E2,C3,0,2026-03-25T19:42:10.751171+00:00,2026-03-25T19:42:10.772003+00:00,4,322.14,1,1,1,,matches_completely,5,yes,,correct,correct,does_not_match,correct
user_0205,E1,C3,1,2026-03-25T19:46:32.919643+00:00,2026-03-25T19:46:32.942088+00:00,8,106.71,2,1,1,,matches_completely,5,yes,,correct,correct,partially,correct
user_0205,E3,C3,2,2026-03-25T19:51:03.186559+00:00,2026-03-25T19:51:03.212287+00:00,4,111.12,1,1,1,,matches_completely,5,yes,,correct,correct,matches_completely,correct
user_0205,E5,C3,3,2026-03-25T20:01:14.243360+00:00,2026-03-25T20:01:14.268055+00:00,4,120.85,1,1,1,,matches_completely,5,yes,,correct,correct,matches_completely,correct
user_0205,E4,C3,4,2026-03-25T20:13:27.656172+00:00,2026-03-25T20:13:27.688340+00:00,12,687.4,3,1,1,,matches_completely,5,yes,,correct,correct,matches_completely,correct
user_0205,E6,C3,5,2026-03-25T20:17:38.209529+00:00,2026-03-25T20:17:38.232731+00:00,7,266.78,2,1,1,,matches_completely,5,yes,,correct,correct,matches_completely,correct
